mon_year,KM_driven,Fuel_Type,Horse_Power,Color,Transmission,Engine,Doors,Cylinders,Gears,Sport_Model,selling_price
Oct_2006,49805.0,Diesel,90,Metallic,Manual,2000,3,4,5,0,14310.0
Oct_2006,77313.0,Diesel,90,Metallic,Manual,2000,3,4,5,0,14575.0
Sept_2006,44214.0,Diesel,90,Metallic,Manual,2000,3,4,5,0,14787.0
Jul_2006,50880.0,Diesel,90,Non-Metallic,Manual,2000,3,4,5,0,15847.0
Mar_2006,40810.0,Diesel,90,Non-Metallic,Manual,2000,3,4,5,0,14575.0
Jan_2006,64660.0,Diesel,90,Non-Metallic,Manual,2000,3,4,5,0,13727.0
Jun_2006,100289.0,Diesel,90,Metallic,Manual,2000,3,4,5,1,17914.0
Mar_2006,80442.0,Diesel,90,Metallic,Manual,2000,3,4,5,0,19716.0
Jun_2006,20882.0,Petrol,192,Non-Metallic,Manual,1800,3,4,5,0,22790.0
Oct_2006,75406.0,Diesel,69,Non-Metallic,Manual,1900,3,4,5,0,13727.0
Aug_2006,33349.0,Petrol,192,Non-Metallic,Manual,1800,3,4,6,0,22207.0
Nov_2006,46227.0,Petrol,192,Non-Metallic,Manual,1800,3,4,6,1,21147.0
Aug_2006,34120.0,Petrol,192,Non-Metallic,Manual,1800,3,4,6,1,20776.0
Feb_2006,24380.0,Petrol,192,Metallic,Manual,1800,3,4,6,1,22790.0
Jan_2006,36179.0,Petrol,192,Metallic,Manual,1800,3,4,6,1,23850.0
May_2006,19863.0,Petrol,192,Non-Metallic,Manual,1800,3,4,6,1,23320.0
Mar_2006,36040.0,Petrol,192,Metallic,Manual,1800,3,4,5,0,24115.0
Sept_2006,23019.0,Petrol,110,Metallic,Manual,1600,3,4,5,0,19027.0
Sept_2006,27097.0,Petrol,110,Non-Metallic,Manual,1600,3,4,5,0,17755.0
Mar_2006,68221.0,Petrol,110,Metallic,Manual,1600,3,4,5,1,17967.0
Mar_2006,71720.0,Petrol,110,Metallic,Manual,1600,3,4,5,1,16907.0
Apr_2006,46539.0,Petrol,110,Non-Metallic,Automatic,1600,3,4,5,1,17967.0
May_2006,59730.0,Petrol,110,Metallic,Manual,1600,3,4,5,1,16907.0
May_2006,34153.0,Petrol,110,Metallic,Manual,1600,3,4,5,1,17967.0
Apr_2006,27362.0,Petrol,110,Metallic,Manual,1600,3,4,5,1,17225.0
Aug_2006,30157.0,Petrol,110,Metallic,Manual,1600,3,4,5,1,16907.0
Jun_2006,36618.0,Petrol,110,Metallic,Manual,1600,3,4,5,0,18545.0
Apr_2006,43900.0,Petrol,110,Metallic,Manual,1600,3,4,5,1,16695.0
May_2006,46791.0,Petrol,110,Non-Metallic,Manual,1600,3,4,5,1,17967.0
Mar_2006,11755.0,Petrol,110,Metallic,Manual,1600,3,4,5,1,19027.0
Apr_2006,10335.0,Petrol,97,Metallic,Manual,1400,3,4,5,0,13727.0
Nov_2006,37311.0,Petrol,97,Metallic,Manual,1400,3,4,5,1,16695.0
Jun_2006,31281.0,Petrol,97,Metallic,Manual,1400,3,4,5,1,16907.0
Jul_2006,34654.0,Petrol,97,Metallic,Manual,1400,3,4,5,1,15847.0
Nov_2006,43460.0,Petrol,97,Metallic,Manual,1400,3,4,5,1,16430.0
Jul_2006,45580.0,Petrol,97,Non-Metallic,Manual,1400,3,4,5,1,16695.0
Aug_2006,26500.0,Petrol,97,Non-Metallic,Manual,1400,3,4,5,1,16907.0
Oct_2006,10600.0,Petrol,97,Metallic,Manual,1400,3,4,5,1,15847.0
Jan_2006,26849.0,Petrol,97,Metallic,Manual,1400,3,4,5,1,16695.0
Jun_2006,29150.0,Petrol,97,Non-Metallic,Manual,1400,3,4,5,1,15635.0
Nov_2006,52003.0,Petrol,97,Non-Metallic,Manual,1400,3,4,5,1,14787.0
Jun_2006,46712.0,Petrol,97,Metallic,Manual,1400,3,4,5,1,17755.0
Nov_2006,49779.0,Petrol,97,Non-Metallic,Manual,1400,3,4,5,1,14787.0
Jun_2006,117028.0,Diesel,90,Non-Metallic,Manual,2000,5,4,5,1,17967.0
Nov_2006,106265.0,Diesel,90,Non-Metallic,Manual,2000,5,4,5,1,17967.0
Oct_2006,89040.0,Diesel,90,Non-Metallic,Manual,2000,5,4,5,0,20140.0
Jun_2006,84138.0,Diesel,90,Metallic,Manual,2000,5,4,5,1,19027.0
Nov_2006,79551.0,Petrol,97,Metallic,Manual,1400,5,4,5,1,16748.0
Nov_2006,76548.0,Diesel,90,Metallic,Manual,2000,5,4,5,1,19027.0
Feb_2006,68881.0,Petrol,192,Metallic,Manual,1800,5,4,6,1,23267.0
Nov_2006,66394.0,Diesel,90,Metallic,Manual,2000,5,4,5,1,19027.0
Mar_2006,60511.0,Petrol,97,Metallic,Manual,1400,5,4,5,0,16695.0
Jul_2006,59360.0,Petrol,110,Metallic,Automatic,1600,5,4,5,1,21730.0
Jun_2006,52858.0,Petrol,192,Metallic,Manual,1800,5,4,5,0,23267.0
Aug_2006,52113.0,Petrol,110,Non-Metallic,Automatic,1600,5,4,5,1,16430.0
Jan_2006,48468.0,Petrol,110,Metallic,Manual,1600,5,4,5,0,14045.0
May_2006,45803.0,Petrol,97,Non-Metallic,Manual,1400,5,4,5,1,16165.0
Jul_2006,45580.0,Petrol,97,Non-Metallic,Manual,1400,5,4,5,1,16165.0
Oct_2006,42086.0,Petrol,110,Metallic,Automatic,1600,5,4,5,1,20087.0
Mar_2006,41287.0,Petrol,110,Metallic,Manual,1600,5,4,5,1,16959.0
Nov_2006,39644.0,Petrol,97,Metallic,Manual,1400,5,4,5,1,15847.0
Jun_2006,39408.0,Petrol,110,Non-Metallic,Manual,1600,5,4,5,1,17490.0
Feb_2006,38737.0,Petrol,110,Metallic,Manual,1600,5,4,5,1,19875.0
Mar_2006,35522.0,Petrol,110,Metallic,Manual,1600,5,4,5,1,19027.0
Jun_2006,34778.0,Petrol,97,Metallic,Manual,1400,5,4,5,1,19027.0
Jul_2006,34112.0,Petrol,110,Metallic,Manual,1600,5,4,5,0,17967.0
May_2006,32853.0,Petrol,110,Metallic,Manual,1600,5,4,5,1,20087.0
Nov_2006,32224.0,Petrol,97,Metallic,Manual,1400,5,4,5,1,15847.0
Nov_2006,31800.0,Diesel,110,Metallic,Manual,2000,5,4,5,1,23585.0
Aug_2006,31502.0,Petrol,97,Metallic,Manual,1400,5,4,5,1,16907.0
May_2006,30958.0,Petrol,97,Metallic,Manual,1400,5,4,5,1,16907.0
Jan_2006,30950.0,Petrol,97,Metallic,Manual,1400,5,4,5,0,13775.0
May_2006,30546.0,Petrol,110,Metallic,Manual,1598,5,4,5,0,20087.0
Oct_2006,29921.0,Petrol,97,Metallic,Manual,1400,5,4,5,1,16695.0
May_2006,29680.0,Petrol,110,Non-Metallic,Manual,1600,5,4,5,0,21147.0
Oct_2006,29680.0,Petrol,110,Metallic,Manual,1600,5,4,5,1,17967.0
Feb_2006,26782.0,Petrol,110,Metallic,Manual,1600,5,4,5,1,19875.0
Jun_2006,24898.0,Petrol,110,Non-Metallic,Manual,1600,5,4,5,1,19557.0
Apr_2006,23930.0,Petrol,110,Metallic,Manual,1600,5,4,5,0,17909.0
Mar_2006,23320.0,Petrol,97,Metallic,Manual,1400,5,4,5,1,15794.0
Aug_2006,21220.0,Petrol,110,Metallic,Automatic,16000,5,4,5,0,20087.0
Apr_2006,21200.0,Petrol,110,Metallic,Manual,1600,5,4,5,1,18285.0
Aug_2006,18023.0,Petrol,97,Metallic,Manual,1400,5,4,5,1,16377.0
Feb_2006,17212.0,Petrol,110,Metallic,Automatic,1600,5,4,5,1,19027.0
Aug_2006,16339.0,Petrol,97,Metallic,Manual,1400,5,4,5,1,17649.0
May_2006,9049.0,Petrol,110,Metallic,Manual,1600,5,4,5,1,18497.0
Mar_2006,7420.0,Petrol,97,Metallic,Manual,1400,5,4,5,0,15794.0
Jan_2007,70984.0,Diesel,90,Metallic,Manual,2000,3,4,5,1,19027.0
Feb_2007,54997.0,Petrol,97,Metallic,Manual,1400,3,4,5,1,16907.0
Feb_2007,53005.0,Diesel,110,Metallic,Manual,2000,3,4,5,1,23267.0
Jan_2007,50997.0,Petrol,97,Metallic,Manual,1400,3,4,5,1,17437.0
Jan_2007,39750.0,Diesel,90,Metallic,Manual,2000,3,4,5,1,23585.0
May_2007,36540.0,Diesel,90,Metallic,Manual,1995,3,4,5,0,21147.0
Jan_2007,35329.0,Petrol,97,Metallic,Manual,1400,3,4,5,1,16907.0
Jan_2007,33761.0,Petrol,110,Non-Metallic,Manual,1600,3,4,5,0,20034.0
Apr_2007,32172.0,Diesel,90,Metallic,Manual,1995,3,4,5,0,21147.0
Feb_2007,31201.0,Petrol,97,Metallic,Manual,1400,3,4,5,1,16907.0
Feb_2007,27505.0,Petrol,97,Metallic,Manual,1400,3,4,5,1,16907.0
Oct_2007,25970.0,Petrol,110,Metallic,Manual,1600,3,4,5,1,19875.0
Mar_2007,25336.0,Petrol,97,Metallic,Manual,1400,3,4,5,1,18497.0
Jan_2007,24566.0,Petrol,110,Metallic,Manual,1600,3,4,5,1,20129.0
Feb_2007,20352.0,Petrol,97,Metallic,Manual,1400,3,4,5,1,17225.0
Aug_2007,19080.0,Petrol,71,Non-Metallic,Manual,1400,3,4,5,0,19610.0
Oct_2007,17090.0,Petrol,110,Metallic,Manual,1600,3,4,5,1,19610.0
Oct_2007,15513.0,Petrol,110,Metallic,Automatic,1600,3,4,5,1,20617.0
Feb_2007,14573.0,Petrol,97,Metallic,Manual,1400,3,4,5,0,17967.0
Jul_2007,12190.0,Petrol,110,Metallic,Manual,1600,3,4,5,0,19928.0
Apr_2007,10600.0,Petrol,97,Metallic,Manual,1400,3,4,5,1,18497.0
Jan_2007,7618.0,Petrol,110,Metallic,Manual,1600,3,4,5,1,19027.0
May_2008,1.0,Diesel,116,Non-Metallic,Manual,2000,5,4,5,1,34450.0
May_2008,4240.0,Diesel,116,Metallic,Manual,2000,5,4,5,1,32860.0
May_2008,1590.0,Diesel,116,Metallic,Manual,2000,5,4,5,1,33152.0
Jan_2008,14048.0,Diesel,116,Metallic,Manual,2000,5,4,5,0,26447.0
Jan_2008,14048.0,Diesel,116,Metallic,Manual,2000,5,4,5,0,26447.0
Feb_2008,10600.0,Diesel,116,Metallic,Manual,2000,5,4,5,1,24327.0
Jan_2008,6360.0,Diesel,90,Metallic,Manual,2000,5,4,5,1,26489.0
Jan_2008,11491.0,Diesel,90,Metallic,Manual,2000,5,4,5,0,23267.0
Feb_2008,1.0,Petrol,110,Metallic,Manual,1600,3,4,5,1,18974.0
Jan_2007,66780.0,Diesel,90,Metallic,Manual,2000,5,4,5,1,20405.0
Apr_2007,60752.0,Diesel,110,Metallic,Manual,2000,5,4,5,0,23585.0
Aug_2007,60459.0,Petrol,110,Non-Metallic,Manual,1600,5,4,5,1,20087.0
Feb_2007,54165.0,Diesel,90,Metallic,Manual,2000,5,4,5,0,21147.0
Jul_2007,42411.0,Petrol,110,Metallic,Manual,1600,5,4,5,0,17331.0
Jan_2007,41462.0,Petrol,110,Metallic,Manual,1600,5,4,5,1,20087.0
Apr_2007,38173.0,Petrol,110,Non-Metallic,Manual,1600,5,4,5,1,17967.0
May_2007,38160.0,Petrol,110,Metallic,Manual,1600,5,4,5,1,23055.0
Jan_2007,38160.0,Petrol,110,Metallic,Manual,1600,5,4,5,0,16907.0
Jan_2007,37100.0,Petrol,97,Metallic,Manual,1400,5,4,5,1,17490.0
Apr_2007,35764.0,Petrol,97,Metallic,Manual,1400,5,4,5,1,19027.0
Aug_2007,35486.0,Petrol,110,Metallic,Manual,1600,5,4,5,0,16801.0
Jan_2007,34585.0,Petrol,97,Metallic,Manual,1400,5,4,5,1,17225.0
Jan_2007,31585.0,Petrol,97,Metallic,Manual,1400,5,4,5,1,16907.0
Feb_2007,31207.0,Petrol,97,Metallic,Manual,1400,5,4,5,1,17225.0
Aug_2007,31133.0,Petrol,110,Metallic,Manual,1600,4,4,5,0,16907.0
Jan_2007,30740.0,Petrol,97,Non-Metallic,Manual,1400,5,4,5,0,17490.0
Feb_2007,29490.0,Petrol,97,Non-Metallic,Manual,1400,5,4,5,1,17490.0
Feb_2007,29013.0,Petrol,97,Non-Metallic,Manual,1400,5,4,5,1,19557.0
Aug_2007,26680.0,Petrol,110,Metallic,Manual,1600,5,4,5,0,17225.0
Oct_2007,26500.0,Diesel,116,Metallic,Manual,2000,5,4,5,0,24380.0
Jan_2007,24380.0,Petrol,110,Metallic,Manual,1600,5,4,5,0,21094.0
Jan_2007,23943.0,Petrol,97,Metallic,Manual,1400,5,4,5,1,17437.0
Feb_2007,22985.0,Petrol,192,Metallic,Manual,1800,5,4,5,0,25387.0
Aug_2007,22714.0,Petrol,110,Metallic,Manual,1600,5,4,5,1,21147.0
May_2007,21867.0,Petrol,110,Metallic,Manual,1600,4,4,5,1,19610.0
Jun_2007,21486.0,Petrol,110,Metallic,Manual,1600,5,4,5,1,20087.0
May_2007,21311.0,Petrol,97,Non-Metallic,Manual,1400,5,4,5,1,17437.0
Jan_2007,21200.0,Petrol,110,Non-Metallic,Automatic,1600,5,4,5,0,21730.0
Aug_2007,21187.0,Petrol,110,Metallic,Manual,1600,5,4,5,1,25970.0
Feb_2007,19428.0,Petrol,110,Non-Metallic,Manual,1600,5,4,5,1,20617.0
Jul_2007,18970.0,Petrol,110,Metallic,Automatic,1600,4,4,5,1,22207.0
Jan_2007,18338.0,Petrol,97,Metallic,Manual,1400,5,4,5,1,18232.0
Feb_2007,18060.0,Petrol,110,Non-Metallic,Manual,1600,5,4,5,1,21147.0
Nov_2007,14572.0,Petrol,97,Metallic,Manual,1400,5,4,5,1,19557.0
Sept_2007,14452.0,Petrol,110,Metallic,Manual,1600,5,4,5,1,20670.0
Aug_2007,13969.0,Petrol,110,Metallic,Manual,1600,5,4,5,1,23055.0
Jun_2007,13946.0,Petrol,97,Metallic,Manual,1400,4,4,5,1,17880.0
May_2007,13780.0,Petrol,110,Metallic,Manual,1600,4,4,5,1,20670.0
Oct_2007,13250.0,Petrol,110,Metallic,Manual,1600,5,4,5,0,20034.0
Apr_2007,12719.0,Petrol,110,Metallic,Manual,1600,5,4,5,1,20935.0
May_2007,12459.0,Petrol,110,Non-Metallic,Automatic,1600,5,4,5,1,20935.0
May_2007,11660.0,Petrol,110,Metallic,Manual,1600,4,4,5,1,20087.0
Apr_2007,10600.0,Petrol,110,Non-Metallic,Manual,1598,5,4,5,1,21995.0
Dec_2007,8109.0,Petrol,110,Metallic,Manual,1600,5,4,5,1,20776.0
Jul_2007,6890.0,Petrol,110,Metallic,Manual,1600,4,4,5,0,20670.0
Oct_2007,6524.0,Petrol,97,Metallic,Manual,1400,5,4,5,0,18709.0
Jul_2007,6360.0,Petrol,110,Non-Metallic,Manual,1600,5,4,5,1,21147.0
Jul_2007,5787.0,Petrol,110,Metallic,Manual,1600,5,4,5,1,21147.0
Jul_2007,5595.0,Petrol,110,Metallic,Automatic,1600,4,4,5,1,22207.0
Sept_2007,5300.0,Petrol,110,Metallic,Manual,1600,5,4,5,1,21730.0
Dec_2007,1.0,Petrol,98,Metallic,Manual,1400,4,4,5,0,18863.0
Dec_2007,1.0,Petrol,110,Metallic,Manual,1600,5,4,5,0,19340.0
Jan_2008,11660.0,Petrol,110,Metallic,Manual,1600,5,4,5,0,25175.0
Jan_2008,10682.0,Petrol,97,Metallic,Manual,1400,5,4,5,1,20670.0
Jan_2008,10600.0,Petrol,97,Metallic,Manual,1400,5,4,5,1,20087.0
Jan_2008,10375.0,Petrol,110,Metallic,Manual,1600,5,4,5,1,23267.0
Jan_2008,9088.0,Petrol,110,Metallic,Manual,1600,5,4,5,1,21147.0
Jan_2008,7420.0,Petrol,110,Non-Metallic,Manual,1600,5,4,5,1,20087.0
Feb_2008,6625.0,Petrol,110,Metallic,Manual,1600,5,4,5,0,21147.0
Jan_2008,5300.0,Petrol,110,Metallic,Manual,1600,5,4,5,1,23267.0
Mar_2008,3180.0,Petrol,110,Non-Metallic,Manual,1600,5,4,5,0,23850.0
Feb_2008,2120.0,Petrol,110,Non-Metallic,Manual,1600,5,4,5,0,19610.0
Feb_2008,477.0,Petrol,97,Metallic,Manual,1400,5,4,5,1,19822.0
Jul_2008,238.0,Petrol,97,Metallic,Manual,1400,5,4,5,1,22392.0
Jul_2008,16.0,Petrol,110,Metallic,Manual,1600,5,4,5,1,22790.0
Aug_2008,1.0,Petrol,98,Metallic,Manual,1400,4,4,5,0,18863.0
Aug_2008,1.0,Petrol,110,Metallic,Manual,1600,5,4,5,0,19340.0
Feb_2005,257580.0,Diesel,69,Non-Metallic,Manual,1900,3,4,5,0,7367.0
Jul_2005,191476.0,Diesel,90,Non-Metallic,Manual,2000,4,4,5,0,10070.0
May_2005,190652.0,Diesel,90,Metallic,Manual,2000,5,4,5,0,12667.0
Feb_2005,189589.0,CNG,110,Non-Metallic,Manual,1600,3,4,5,0,8215.0
May_2005,170660.0,Diesel,69,Metallic,Manual,1900,3,4,5,0,12667.0
Jan_2005,167819.0,Diesel,69,Non-Metallic,Manual,1800,5,4,5,0,4611.0
Jan_2005,139149.0,Diesel,69,Metallic,Manual,1800,5,4,5,0,5035.0
May_2005,137866.0,Diesel,69,Metallic,Manual,1900,5,4,5,0,12455.0
Apr_2005,130830.0,Diesel,69,Metallic,Manual,1900,5,4,5,0,14045.0
Aug_2005,125310.0,Petrol,110,Metallic,Manual,1600,5,4,5,0,12667.0
Jan_2005,116600.0,Diesel,69,Metallic,Manual,1900,5,4,5,0,12614.0
Jun_2005,115378.0,Diesel,90,Metallic,Manual,2000,5,4,5,0,15635.0
Mar_2005,112041.0,Petrol,97,Metallic,Manual,1400,3,4,5,0,10547.0
Jun_2005,104752.0,CNG,110,Metallic,Manual,1600,5,4,5,0,12667.0
Jan_2005,102639.0,Petrol,110,Metallic,Manual,1600,5,4,5,0,12185.0
May_2005,102309.0,Petrol,97,Metallic,Manual,1400,3,4,5,0,11925.0
Mar_2005,97736.0,Petrol,110,Metallic,Manual,1600,5,4,5,0,11130.0
Oct_2005,96943.0,Diesel,69,Metallic,Manual,1900,3,4,5,0,11077.0
Feb_2005,95366.0,Diesel,69,Metallic,Manual,1900,5,4,5,0,13727.0
Jan_2005,95142.0,Petrol,110,Metallic,Manual,1600,3,4,5,1,12190.0
May_2005,90512.0,Petrol,110,Metallic,Manual,1600,5,4,5,0,13250.0
Feb_2005,90118.0,Petrol,97,Non-Metallic,Manual,1400,5,4,5,0,11607.0
Apr_2005,89371.0,Petrol,110,Non-Metallic,Manual,1600,5,4,5,0,12137.0
Aug_2005,87708.0,CNG,110,Metallic,Manual,1600,5,4,5,0,12667.0
Apr_2005,85972.0,Diesel,69,Metallic,Manual,1900,5,4,5,0,14045.0
May_2005,85250.0,Diesel,90,Metallic,Manual,2000,5,4,5,0,15635.0
Nov_2005,83398.0,Petrol,110,Metallic,Automatic,1600,5,4,5,0,12497.0
May_2005,83130.0,Petrol,110,Metallic,Manual,1600,5,4,5,0,12137.0
Dec_2005,82794.0,Diesel,90,Metallic,Manual,2000,3,4,5,0,14310.0
Dec_2005,81960.0,Petrol,110,Metallic,Manual,1600,5,4,5,0,11607.0
Dec_2005,80241.0,Diesel,69,Non-Metallic,Manual,1900,3,4,5,0,14310.0
Apr_2005,80239.0,Petrol,97,Metallic,Manual,1400,3,4,5,0,11607.0
Jan_2005,79337.0,Petrol,97,Metallic,Manual,1400,3,4,5,0,11607.0
Jul_2005,78778.0,Petrol,110,Metallic,Manual,1600,5,4,5,0,13727.0
Feb_2005,78742.0,Petrol,110,Metallic,Manual,1600,5,4,5,0,12667.0
Jan_2005,78622.0,Petrol,110,Metallic,Manual,1600,5,4,5,0,13197.0
May_2005,77425.0,Petrol,110,Metallic,Manual,1598,5,4,5,0,12667.0
Jan_2005,76101.0,CNG,110,Metallic,Manual,1600,4,4,5,0,15847.0
Oct_2005,75472.0,Petrol,110,Metallic,Manual,1600,5,4,5,0,13197.0
Jul_2005,71873.0,Petrol,110,Metallic,Manual,1600,5,4,5,0,13727.0
Oct_2005,69947.0,Petrol,110,Metallic,Manual,1600,3,4,5,0,12667.0
Nov_2005,69266.0,Petrol,97,Metallic,Manual,1400,5,4,5,0,12391.0
Mar_2005,68438.0,Petrol,110,Metallic,Manual,1600,5,4,5,0,13197.0
Sept_2005,67267.0,Petrol,97,Metallic,Manual,1400,5,4,5,0,13515.0
Jan_2005,67258.0,Petrol,97,Non-Metallic,Manual,1400,3,4,5,0,12640.0
Dec_2005,65720.0,Petrol,110,Metallic,Manual,1600,5,4,5,0,13727.0
Mar_2005,64978.0,Petrol,97,Metallic,Manual,1400,3,4,5,0,12667.0
Apr_2005,64872.0,Petrol,110,Metallic,Manual,1600,3,4,5,0,13674.0
Apr_2005,64660.0,Petrol,110,Non-Metallic,Manual,1600,5,4,5,0,12614.0
Jul_2005,64479.0,Petrol,110,Metallic,Manual,1600,5,4,5,0,12349.0
Jan_2005,64130.0,Petrol,110,Non-Metallic,Manual,1600,5,4,5,0,11607.0
Oct_2005,63070.0,Diesel,69,Metallic,Manual,1900,3,4,5,0,14787.0
Jan_2005,62540.0,Petrol,110,Non-Metallic,Automatic,1600,5,4,5,0,14787.0
May_2005,62491.0,Petrol,110,Metallic,Manual,1600,5,4,5,0,12667.0
Jul_2005,62326.0,Petrol,110,Metallic,Manual,1600,5,4,5,0,11607.0
Jul_2005,61865.0,Petrol,110,Metallic,Manual,1600,3,4,5,1,13197.0
Feb_2005,61774.0,Petrol,110,Metallic,Manual,1600,3,4,5,0,12667.0
Dec_2005,61174.0,Diesel,90,Metallic,Manual,2000,3,4,5,0,14310.0
Dec_2005,60705.0,Petrol,110,Metallic,Manual,1600,5,4,5,0,12391.0
Jun_2005,59361.0,Petrol,110,Metallic,Manual,1600,5,4,5,0,14310.0
Mar_2005,59326.0,Petrol,110,Non-Metallic,Manual,1600,3,4,5,1,12667.0
Jun_2005,59019.0,Petrol,110,Metallic,Manual,1600,4,4,5,0,13674.0
Feb_2005,58871.0,Petrol,110,Metallic,Manual,1600,5,4,5,1,14310.0
Mar_2005,58724.0,Petrol,110,Non-Metallic,Manual,1600,5,4,5,0,12455.0
Dec_2005,58671.0,Petrol,110,Non-Metallic,Manual,1600,5,4,5,0,12455.0
Feb_2005,57876.0,Petrol,110,Non-Metallic,Manual,1600,4,4,5,0,11501.0
Feb_2005,56999.0,Petrol,110,Metallic,Manual,1600,5,4,5,0,12455.0
Mar_2005,56942.0,Petrol,110,Metallic,Automatic,1600,5,4,5,0,15847.0
Jun_2005,56863.0,Petrol,110,Metallic,Manual,1600,5,4,5,0,10536.0
Mar_2005,56551.0,Petrol,110,Non-Metallic,Manual,1600,5,4,5,0,13674.0
Jul_2005,56180.0,Petrol,110,Metallic,Manual,1600,5,4,5,0,14310.0
Jan_2005,55209.0,Petrol,97,Metallic,Manual,1400,3,4,5,0,12455.0
Jan_2005,55120.0,Petrol,97,Non-Metallic,Manual,1400,3,4,5,0,12667.0
Dec_2005,55062.0,Petrol,110,Metallic,Manual,1600,5,4,5,0,14257.0
Apr_2005,54836.0,Petrol,97,Metallic,Manual,1400,3,4,5,0,12667.0
Jun_2005,53925.0,Petrol,110,Metallic,Manual,1600,5,4,5,0,13245.0
Apr_2005,53907.0,Petrol,110,Non-Metallic,Manual,1600,4,4,5,0,14310.0
May_2005,53678.0,Petrol,110,Metallic,Manual,1600,5,4,5,0,13515.0
Jun_2005,53000.0,Petrol,97,Metallic,Manual,1400,5,4,5,0,12720.0
Jul_2005,52470.0,Petrol,110,Metallic,Manual,1600,5,4,5,0,12667.0
Jan_2005,52292.0,Petrol,110,Metallic,Manual,1600,5,4,5,0,13245.0
Nov_2005,52248.0,Petrol,110,Metallic,Manual,1600,3,4,5,0,13197.0
May_2005,51889.0,Diesel,90,Metallic,Manual,2000,5,4,5,0,15635.0
Jun_2005,51882.0,Petrol,110,Non-Metallic,Manual,1600,3,4,5,0,11607.0
Dec_2005,51864.0,Diesel,69,Metallic,Manual,1900,3,4,5,0,14310.0
Jul_2005,51089.0,Petrol,110,Metallic,Manual,1600,5,4,5,0,13727.0
Oct_2005,50935.0,Diesel,69,Metallic,Manual,1900,3,4,5,0,14310.0
Nov_2005,50892.0,Petrol,110,Metallic,Manual,1600,4,4,5,0,14257.0
Feb_2005,50880.0,Petrol,110,Metallic,Manual,1600,5,4,5,0,14310.0
Apr_2005,50191.0,Petrol,110,Metallic,Manual,1600,5,4,5,0,12169.0
Jun_2005,49630.0,Petrol,97,Metallic,Manual,1400,5,4,5,0,14257.0
Jun_2005,49496.0,Petrol,110,Non-Metallic,Manual,1600,3,4,5,0,12185.0
Feb_2005,49306.0,Petrol,97,Non-Metallic,Manual,1400,5,4,5,0,13515.0
Jul_2005,49107.0,Petrol,110,Metallic,Manual,1600,3,4,5,0,15889.0
Oct_2005,49082.0,Petrol,97,Metallic,Manual,1400,5,4,5,0,13727.0
May_2005,48639.0,Petrol,110,Metallic,Manual,1600,5,4,5,0,13727.0
Jun_2005,48456.0,Petrol,97,Metallic,Manual,1400,5,4,5,0,13621.0
May_2005,48336.0,Petrol,110,Metallic,Automatic,1600,5,4,5,0,14787.0
Apr_2005,48004.0,Petrol,110,Metallic,Manual,1600,5,4,5,0,12667.0
Jun_2005,47786.0,Petrol,110,Metallic,Manual,1600,5,4,5,0,13727.0
May_2005,47520.0,Petrol,110,Metallic,Manual,1600,5,4,5,0,12402.0
Aug_2005,47442.0,Petrol,97,Non-Metallic,Manual,1400,3,4,5,0,10547.0
Jan_2005,46871.0,Petrol,97,Metallic,Manual,1400,5,4,5,0,12609.0
Feb_2005,46250.0,Petrol,110,Metallic,Manual,1600,5,4,5,0,13727.0
Sept_2005,46033.0,Petrol,110,Metallic,Manual,1600,3,4,5,0,13250.0
Jun_2005,45849.0,Petrol,110,Metallic,Manual,1600,5,4,5,0,14708.0
Oct_2005,45580.0,Petrol,110,Non-Metallic,Manual,1600,3,4,5,1,11130.0
Dec_2005,45392.0,Petrol,110,Metallic,Manual,1600,5,4,5,0,13033.0
Mar_2005,45114.0,Petrol,110,Metallic,Manual,1600,5,4,5,0,14787.0
Jul_2005,44259.0,Petrol,110,Non-Metallic,Manual,1600,3,4,5,0,11607.0
Jan_2005,43989.0,CNG,110,Metallic,Manual,1600,5,4,5,0,13727.0
May_2005,43819.0,Petrol,110,Metallic,Manual,1600,5,4,5,0,13621.0
Oct_2005,43460.0,Petrol,110,Metallic,Manual,1600,5,4,5,0,14835.0
Jun_2005,42400.0,Petrol,110,Metallic,Manual,1600,3,4,5,0,14575.0
Aug_2005,42142.0,Petrol,110,Metallic,Manual,1600,5,4,5,0,13515.0
Apr_2005,42039.0,Petrol,110,Metallic,Manual,1600,3,4,5,0,13250.0
Feb_2005,42029.0,Petrol,110,Non-Metallic,Manual,1600,3,4,5,0,14787.0
Jun_2005,41895.0,Petrol,97,Metallic,Manual,1398,3,4,5,0,12190.0
Jan_2005,41887.0,Petrol,97,Metallic,Manual,1400,5,4,5,0,14787.0
Apr_2005,41805.0,Petrol,97,Non-Metallic,Manual,1400,5,4,5,0,12609.0
Jan_2005,41340.0,Petrol,97,Metallic,Manual,1400,3,4,5,0,10547.0
Mar_2005,41268.0,Petrol,110,Metallic,Manual,1600,3,4,5,0,14310.0
Aug_2005,41141.0,Petrol,97,Non-Metallic,Manual,1400,3,4,5,1,12137.0
Mar_2005,40985.0,Petrol,110,Metallic,Manual,1600,5,4,5,0,13197.0
May_2005,40972.0,Petrol,110,Metallic,Manual,1600,5,4,5,0,13727.0
Jan_2005,40769.0,Petrol,110,Metallic,Manual,1600,5,4,5,0,14835.0
Mar_2005,40363.0,Petrol,97,Non-Metallic,Manual,1400,3,4,5,0,12455.0
Jun_2005,40049.0,Petrol,97,Metallic,Manual,1400,5,4,5,0,12349.0
Feb_2005,39831.0,Petrol,97,Non-Metallic,Manual,1400,3,4,5,0,10547.0
Apr_2005,39785.0,Petrol,110,Metallic,Manual,1600,5,4,5,0,14787.0
Jan_2005,39632.0,Petrol,110,Metallic,Manual,1600,5,4,5,0,13727.0
Jul_2005,39559.0,Petrol,97,Metallic,Manual,1400,3,4,5,0,11607.0
Mar_2005,39220.0,Petrol,97,Metallic,Manual,1400,3,4,5,0,10494.0
Jan_2005,39220.0,Petrol,110,Non-Metallic,Manual,1600,4,4,5,0,12667.0
May_2005,38760.0,Petrol,110,Non-Metallic,Manual,1600,5,4,5,1,12709.0
Sept_2005,38445.0,Petrol,110,Metallic,Manual,1600,5,4,5,0,11395.0
Aug_2005,38238.0,Petrol,110,Metallic,Automatic,1600,5,4,5,0,14787.0
Jan_2005,38230.0,Petrol,110,Metallic,Manual,1600,3,4,5,0,11925.0
Jun_2005,36675.0,Petrol,110,Metallic,Manual,1600,5,4,5,0,13727.0
Apr_2005,36040.0,Petrol,110,Metallic,Manual,1600,5,4,5,0,12667.0
Mar_2005,35640.0,Petrol,97,Metallic,Manual,1400,3,4,5,0,11607.0
Dec_2005,35606.0,Petrol,110,Metallic,Manual,1600,5,4,5,0,13727.0
Oct_2005,35253.0,Petrol,110,Metallic,Manual,1600,5,4,5,0,13727.0
Feb_2005,35100.0,Petrol,110,Metallic,Manual,1600,5,4,5,0,12397.0
Apr_2005,34980.0,Petrol,110,Metallic,Automatic,1600,5,4,6,0,11660.0
Oct_2005,34917.0,Petrol,110,Metallic,Manual,1600,5,4,5,0,14787.0
Jul_2005,34748.0,Petrol,110,Non-Metallic,Manual,1600,5,4,5,0,12667.0
May_2005,34484.0,Petrol,110,Metallic,Manual,1600,3,4,5,0,12455.0
Nov_2005,34377.0,Petrol,97,Metallic,Manual,1400,5,4,5,0,13144.0
Oct_2005,33920.0,Petrol,110,Non-Metallic,Manual,1600,3,4,5,0,13250.0
Dec_2005,32860.0,Petrol,110,Metallic,Manual,1600,5,4,5,0,13674.0
Apr_2005,32848.0,Petrol,110,Non-Metallic,Manual,1600,3,4,5,0,12932.0
Feb_2005,32587.0,Petrol,110,Metallic,Manual,1600,3,4,5,0,13515.0
Mar_2005,32001.0,Petrol,110,Metallic,Manual,1600,5,4,5,0,12667.0
Apr_2005,31499.0,Petrol,116,Metallic,Manual,1600,5,4,5,0,12614.0
Jan_2005,31499.0,Petrol,110,Metallic,Automatic,1600,3,4,5,0,12667.0
Mar_2005,31418.0,Petrol,110,Non-Metallic,Manual,1600,3,4,5,1,15847.0
Apr_2005,30799.0,Petrol,97,Metallic,Manual,1400,5,4,5,0,12667.0
Dec_2005,30438.0,Petrol,110,Metallic,Manual,1600,5,4,5,0,13727.0
Apr_2005,30285.0,Petrol,110,Non-Metallic,Manual,1600,5,4,5,0,15847.0
May_2005,30064.0,Petrol,110,Metallic,Manual,1600,3,4,5,0,14257.0
Jul_2005,29839.0,Petrol,110,Metallic,Manual,1600,5,4,5,0,14575.0
Feb_2005,28939.0,Petrol,110,Metallic,Manual,1600,3,4,5,0,13727.0
Dec_2005,28874.0,Petrol,110,Metallic,Manual,1600,5,4,5,0,13515.0
Jun_2005,28800.0,Petrol,97,Metallic,Manual,1400,5,4,5,0,12609.0
Mar_2005,28769.0,Petrol,97,Metallic,Manual,1400,5,4,5,0,10547.0
Jul_2005,27838.0,Petrol,110,Metallic,Manual,1600,5,4,5,0,13197.0
Jul_2005,27560.0,Petrol,97,Metallic,Manual,1400,5,4,5,0,13250.0
Feb_2005,26742.0,Petrol,110,Metallic,Manual,1600,3,4,5,0,15847.0
Jun_2005,26566.0,Petrol,110,Metallic,Manual,1600,5,4,5,0,14575.0
Jun_2005,26206.0,Petrol,110,Metallic,Automatic,1600,4,4,5,0,13457.0
Dec_2005,26129.0,Petrol,110,Metallic,Manual,1600,3,4,5,1,15889.0
Feb_2005,26026.0,Petrol,110,Metallic,Manual,1600,5,4,5,0,13515.0
Apr_2005,25944.0,Petrol,110,Metallic,Manual,1600,5,4,5,0,15211.0
Jun_2005,25911.0,Petrol,110,Metallic,Manual,1600,3,4,5,0,13727.0
Oct_2005,25452.0,Petrol,97,Non-Metallic,Manual,1400,3,4,5,0,12190.0
Apr_2005,25440.0,Petrol,97,Metallic,Manual,1400,3,4,5,0,12667.0
May_2005,25033.0,Petrol,110,Metallic,Manual,1600,5,4,5,0,14257.0
Jul_2005,24237.0,Petrol,110,Metallic,Manual,1600,5,4,5,0,13674.0
Apr_2005,24147.0,Petrol,86,Metallic,Manual,1300,5,4,5,1,11130.0
Oct_2005,23218.0,Petrol,97,Non-Metallic,Manual,1400,3,4,5,0,11607.0
Apr_2005,22950.0,Petrol,97,Non-Metallic,Manual,1400,3,4,5,0,12667.0
Aug_2005,22790.0,Petrol,110,Metallic,Manual,1600,5,4,5,0,12137.0
Jan_2005,22289.0,Petrol,110,Metallic,Manual,1600,5,4,5,0,14045.0
Jun_2005,19610.0,Petrol,110,Non-Metallic,Manual,1600,4,4,5,0,10865.0
Oct_2005,19080.0,Petrol,110,Metallic,Manual,1600,5,4,5,0,14835.0
May_2005,18074.0,Petrol,97,Non-Metallic,Manual,1400,5,4,5,0,12667.0
Dec_2005,17503.0,Petrol,97,Metallic,Manual,1400,5,4,5,0,14045.0
May_2005,17304.0,Petrol,110,Metallic,Manual,1600,5,4,5,0,13727.0
Jul_2005,16960.0,Petrol,97,Metallic,Manual,1400,5,4,5,0,12455.0
Jun_2005,12720.0,Petrol,110,Metallic,Manual,1600,5,4,5,0,12190.0
Feb_2005,10600.0,Petrol,97,Metallic,Manual,1400,5,4,5,0,14310.0
Apr_2004,228960.0,Diesel,69,Non-Metallic,Manual,1900,3,4,5,0,6890.0
Jun_2004,210057.0,Diesel,69,Non-Metallic,Manual,1900,4,4,5,0,6784.0
Apr_2004,186560.0,Diesel,69,Non-Metallic,Manual,1900,3,4,5,0,7420.0
Mar_2004,184587.0,Diesel,72,Metallic,Manual,2000,4,4,5,0,8215.0
Dec_2004,184440.0,Diesel,69,Metallic,Manual,1900,5,4,5,0,9434.0
Feb_2004,159000.0,CNG,110,Metallic,Manual,1600,3,4,5,0,9010.0
Mar_2004,158289.0,Diesel,72,Metallic,Manual,2000,5,4,5,1,9487.0
Jun_2004,155540.0,Petrol,110,Metallic,Manual,1600,5,4,5,0,10494.0
Apr_2004,152124.0,Diesel,69,Non-Metallic,Manual,1900,5,4,5,0,10865.0
Sept_2004,150658.0,CNG,110,Non-Metallic,Manual,1600,5,4,5,0,9805.0
Sept_2004,149142.0,Diesel,69,Metallic,Manual,1900,5,4,5,0,8215.0
Mar_2004,146698.0,Diesel,69,Metallic,Manual,1900,4,4,5,0,10017.0
Feb_2004,145220.0,Diesel,72,Metallic,Manual,2000,5,4,5,1,8215.0
May_2004,143373.0,Diesel,69,Metallic,Manual,1900,5,4,5,0,8745.0
Aug_2004,139246.0,Petrol,110,Metallic,Manual,1600,5,4,5,0,10547.0
Jan_2004,136904.0,Diesel,69,Non-Metallic,Manual,1800,5,4,5,0,4717.0
Jul_2004,133677.0,Petrol,110,Non-Metallic,Manual,1600,3,4,5,0,10547.0
Sept_2004,126927.0,Petrol,110,Metallic,Manual,1600,5,4,5,0,9540.0
Apr_2004,124988.0,Diesel,69,Metallic,Manual,1900,5,4,5,0,10547.0
Oct_2004,124476.0,Diesel,90,Metallic,Manual,2000,3,4,5,0,13197.0
Feb_2004,124206.0,Petrol,110,Metallic,Manual,1600,4,4,5,0,11130.0
Mar_2004,122491.0,Petrol,110,Metallic,Manual,1600,4,4,5,0,11395.0
Apr_2004,122020.0,Petrol,97,Metallic,Manual,1400,3,4,5,0,9487.0
Mar_2004,121949.0,Diesel,69,Metallic,Manual,1900,5,4,5,0,11130.0
Jan_2004,120837.0,Diesel,72,Metallic,Manual,2000,5,4,5,0,5459.0
Aug_2004,114331.0,Petrol,97,Non-Metallic,Manual,1400,5,4,5,0,11607.0
May_2004,111093.0,Petrol,97,Metallic,Manual,1400,3,4,5,0,10017.0
Mar_2004,109661.0,Petrol,110,Metallic,Manual,1600,5,4,5,0,10547.0
Jun_2004,109199.0,Diesel,69,Non-Metallic,Manual,1900,5,4,5,0,11607.0
Oct_2004,108493.0,Petrol,110,Metallic,Manual,1600,5,4,5,0,12614.0
Jul_2004,108152.0,Petrol,97,Metallic,Manual,1400,5,4,5,0,10547.0
Mar_2004,107433.0,Petrol,110,Non-Metallic,Manual,1600,5,4,5,0,12667.0
Jul_2004,105857.0,Petrol,110,Metallic,Manual,1600,4,4,5,0,8374.0
May_2004,105282.0,Petrol,110,Metallic,Manual,1600,3,4,5,0,11607.0
Sept_2004,103986.0,Diesel,69,Metallic,Manual,1900,5,4,5,0,9487.0
Jun_2004,103922.0,Petrol,110,Non-Metallic,Manual,1600,5,4,5,0,12667.0
Aug_2004,103456.0,Petrol,110,Metallic,Manual,1600,3,4,5,0,11554.0
Feb_2004,103068.0,Petrol,110,Non-Metallic,Manual,1600,5,4,5,0,10547.0
Jun_2004,101903.0,Diesel,72,Non-Metallic,Manual,2000,3,4,5,1,10547.0
Mar_2004,101866.0,Petrol,110,Metallic,Manual,1600,5,4,5,0,11607.0
Feb_2004,100065.0,Diesel,72,Non-Metallic,Manual,2000,3,4,5,1,9487.0
Feb_2004,99769.0,Petrol,86,Metallic,Manual,1300,3,4,5,1,9487.0
Aug_2004,96820.0,Petrol,110,Metallic,Manual,1600,3,4,5,0,11130.0
Apr_2004,95612.0,Petrol,97,Non-Metallic,Manual,1400,3,4,5,0,9487.0
Apr_2004,95503.0,Diesel,69,Metallic,Manual,1900,5,4,5,0,9805.0
Sept_2004,94392.0,Petrol,97,Metallic,Manual,1400,5,4,5,0,12190.0
May_2004,94340.0,Petrol,110,Non-Metallic,Manual,1600,5,4,5,0,10335.0
Dec_2004,92510.0,Petrol,110,Metallic,Manual,1600,3,4,5,0,10547.0
Aug_2004,91394.0,Petrol,110,Non-Metallic,Manual,1600,3,4,5,0,12137.0
Mar_2004,89674.0,Petrol,110,Non-Metallic,Manual,1600,5,4,5,0,13250.0
Jul_2004,88581.0,Petrol,110,Non-Metallic,Manual,1600,5,4,5,0,11130.0
Jul_2004,88092.0,Petrol,110,Metallic,Manual,1600,5,4,5,0,13727.0
Jul_2004,87773.0,Petrol,110,Metallic,Manual,1600,3,4,5,0,12932.0
Jul_2004,87699.0,Petrol,97,Metallic,Manual,1400,3,4,5,0,11607.0
Mar_2004,86819.0,Petrol,110,Metallic,Manual,1600,5,4,5,0,11607.0
Aug_2004,85139.0,Petrol,110,Metallic,Automatic,1600,3,4,5,0,11967.0
Aug_2004,84895.0,Petrol,97,Metallic,Manual,1400,3,4,5,0,11395.0
Apr_2004,84588.0,Petrol,110,Non-Metallic,Manual,1600,5,4,5,0,11549.0
Oct_2004,83512.0,CNG,110,Metallic,Manual,1600,5,4,5,0,12190.0
Sept_2004,83316.0,Petrol,110,Metallic,Manual,1600,5,4,5,0,10335.0
Feb_2004,82447.0,Petrol,110,Non-Metallic,Manual,1600,3,4,5,0,10865.0
Aug_2004,82307.0,Petrol,110,Non-Metallic,Manual,1600,4,4,5,0,13250.0
Mar_2004,81906.0,Petrol,110,Metallic,Manual,1600,4,4,5,0,12667.0
Jul_2004,80737.0,Petrol,97,Metallic,Manual,1400,5,4,5,0,11395.0
Nov_2004,79764.0,Petrol,110,Metallic,Manual,1600,4,4,5,0,12137.0
Mar_2004,79745.0,Petrol,110,Metallic,Manual,1600,5,4,5,0,12667.0
Sept_2004,79548.0,Petrol,110,Metallic,Manual,1600,3,4,6,0,12455.0
Jul_2004,79340.0,Petrol,110,Metallic,Automatic,1600,4,4,5,0,11607.0
Feb_2004,79198.0,Petrol,110,Metallic,Manual,1600,5,4,5,0,12667.0
Aug_2004,79135.0,Diesel,69,Non-Metallic,Manual,1900,3,4,5,0,11655.0
Jan_2004,78970.0,Petrol,97,Non-Metallic,Manual,1400,3,4,5,0,12137.0
Aug_2004,78964.0,Petrol,110,Metallic,Manual,1600,5,4,5,0,9434.0
Jul_2004,78052.0,Petrol,110,Non-Metallic,Manual,1587,5,4,5,0,11130.0
Oct_2004,77807.0,Petrol,110,Metallic,Manual,1600,5,4,5,0,12455.0
Aug_2004,77566.0,Petrol,97,Metallic,Manual,1400,3,4,5,0,12137.0
May_2004,77380.0,Petrol,110,Non-Metallic,Manual,1600,3,4,5,0,12720.0
Jul_2004,76577.0,Petrol,110,Non-Metallic,Automatic,1600,3,4,5,0,12667.0
Apr_2004,76320.0,Petrol,97,Metallic,Manual,1400,3,4,5,0,10441.0
Mar_2004,76028.0,Petrol,110,Metallic,Manual,1600,4,4,5,0,11607.0
Mar_2004,75553.0,Petrol,110,Non-Metallic,Manual,1600,5,4,5,0,11607.0
Jul_2004,74666.0,Diesel,69,Metallic,Manual,1900,3,4,5,0,9217.0
Apr_2004,74453.0,Petrol,110,Non-Metallic,Manual,1600,3,4,5,0,11649.0
Feb_2004,74002.0,Petrol,97,Metallic,Manual,1400,3,4,5,0,10070.0
Aug_2004,73839.0,Petrol,86,Non-Metallic,Manual,1300,3,4,6,1,12667.0
Nov_2004,73748.0,Petrol,97,Non-Metallic,Manual,1400,5,4,5,0,11395.0
Oct_2004,73140.0,Diesel,69,Metallic,Manual,1900,5,4,5,0,9275.0
Aug_2004,72679.0,Petrol,110,Metallic,Manual,1600,4,4,5,0,9275.0
Feb_2004,72631.0,Diesel,72,Metallic,Manual,2000,3,4,5,0,12137.0
Nov_2004,72519.0,Petrol,97,Non-Metallic,Manual,1400,3,4,5,0,10547.0
Jan_2004,70784.0,Petrol,110,Non-Metallic,Manual,1600,5,4,5,0,12667.0
May_2004,70519.0,Petrol,110,Metallic,Manual,1600,5,4,5,0,14787.0
Mar_2004,70027.0,Petrol,110,Metallic,Manual,1600,5,4,5,0,11925.0
Jul_2004,69399.0,Petrol,97,Metallic,Manual,1400,5,4,5,0,11554.0
Jan_2004,69324.0,Petrol,97,Metallic,Manual,1400,3,4,5,0,10335.0
May_2004,69080.0,Petrol,97,Metallic,Manual,1400,3,4,5,0,10547.0
Jan_2004,68900.0,Petrol,110,Metallic,Manual,1600,5,4,5,0,12667.0
Sept_2004,68045.0,Petrol,110,Metallic,Manual,1600,3,4,5,0,11077.0
Mar_2004,67840.0,Petrol,97,Metallic,Manual,1400,3,4,5,0,9487.0
Mar_2004,67620.0,Petrol,110,Metallic,Manual,1600,5,4,5,0,10865.0
Apr_2004,67453.0,Petrol,110,Metallic,Manual,1600,4,4,5,0,10526.0
Mar_2004,66923.0,Petrol,110,Metallic,Manual,1600,3,4,5,0,11130.0
Mar_2004,66910.0,Petrol,110,Metallic,Manual,1600,4,4,5,0,12667.0
Sept_2004,66780.0,Diesel,69,Metallic,Manual,1900,5,4,5,0,12190.0
Feb_2004,66780.0,Petrol,110,Non-Metallic,Manual,1600,4,4,5,0,12190.0
Mar_2004,66766.0,Petrol,110,Non-Metallic,Manual,1600,5,4,5,0,12137.0
Jan_2004,66516.0,Petrol,110,Non-Metallic,Manual,1600,3,4,5,1,10494.0
Mar_2004,66270.0,Petrol,97,Non-Metallic,Manual,1400,3,4,5,0,10070.0
Jul_2004,66017.0,Petrol,97,Metallic,Manual,1400,5,4,5,0,11130.0
Jul_2004,65372.0,Petrol,110,Non-Metallic,Manual,1600,5,4,5,0,11395.0
Mar_2004,64660.0,Diesel,69,Non-Metallic,Manual,2000,5,4,5,0,9487.0
Jan_2004,64660.0,Petrol,110,Metallic,Manual,1600,3,4,5,0,12720.0
Apr_2004,64191.0,Petrol,110,Metallic,Manual,1600,4,4,5,0,10536.0
Oct_2004,63969.0,Petrol,110,Non-Metallic,Manual,1600,4,4,5,0,11607.0
Mar_2004,63853.0,Petrol,110,Metallic,Manual,1600,5,4,5,0,11395.0
Jun_2004,62540.0,Petrol,97,Metallic,Manual,1400,3,4,5,0,10387.0
Jun_2004,62287.0,Petrol,97,Non-Metallic,Manual,1300,5,4,5,0,12455.0
Mar_2004,62270.0,Petrol,110,Metallic,Manual,1600,4,4,5,0,12667.0
May_2004,62112.0,Petrol,110,Metallic,Manual,1600,3,4,5,0,11925.0
Mar_2004,62042.0,Petrol,110,Non-Metallic,Manual,1600,5,4,5,0,12455.0
Feb_2004,61880.0,Petrol,110,Metallic,Manual,1600,3,4,5,1,11607.0
Jan_2004,61631.0,Petrol,110,Metallic,Manual,1600,5,4,5,0,11925.0
Apr_2004,61425.0,Petrol,97,Metallic,Manual,1400,3,4,5,0,10547.0
Jun_2004,61104.0,Petrol,110,Non-Metallic,Manual,1600,5,4,5,0,10282.0
Oct_2004,60950.0,Petrol,110,Metallic,Manual,1600,4,4,5,0,12667.0
Apr_2004,60924.0,Petrol,110,Non-Metallic,Manual,1600,3,4,5,0,10494.0
Feb_2004,60148.0,Petrol,110,Non-Metallic,Manual,1600,3,4,5,0,10589.0
Sept_2004,60076.0,Petrol,97,Metallic,Manual,1400,3,4,5,0,10044.0
Mar_2004,59230.0,Petrol,110,Metallic,Manual,1600,5,4,5,0,12190.0
Apr_2004,58830.0,Petrol,110,Metallic,Manual,1600,4,4,5,0,12667.0
Feb_2004,58194.0,Petrol,97,Metallic,Manual,1400,5,4,5,0,12190.0
Jul_2004,57733.0,Petrol,110,Non-Metallic,Manual,1600,5,4,5,0,11130.0
Nov_2004,56922.0,Petrol,97,Metallic,Manual,1400,5,4,5,0,11554.0
May_2004,56775.0,Petrol,97,Metallic,Manual,1400,5,4,5,0,12402.0
Jun_2004,56612.0,Petrol,110,Metallic,Manual,1600,5,4,5,0,12614.0
Jun_2004,56464.0,Petrol,110,Metallic,Manual,1600,5,4,5,0,14787.0
Aug_2004,56303.0,Petrol,97,Metallic,Manual,1400,3,4,5,0,11607.0
Jan_2004,55595.0,Petrol,97,Non-Metallic,Manual,1400,3,4,5,0,11130.0
Feb_2004,55278.0,Petrol,97,Metallic,Manual,1400,3,4,5,0,11395.0
Feb_2004,55269.0,Petrol,110,Metallic,Manual,1600,5,4,5,0,12667.0
Jan_2004,55120.0,Petrol,97,Non-Metallic,Manual,1400,3,4,5,0,10600.0
Sept_2004,54025.0,Petrol,97,Metallic,Manual,1400,5,4,5,0,11125.0
Jul_2004,53424.0,Petrol,110,Non-Metallic,Manual,1600,5,4,5,0,12137.0
Mar_2004,53000.0,Petrol,97,Metallic,Manual,1400,3,4,5,0,9964.0
Jun_2004,53000.0,Petrol,86,Metallic,Manual,1300,5,4,5,0,12667.0
Apr_2004,52967.0,Petrol,110,Non-Metallic,Manual,1600,5,4,5,0,10229.0
Aug_2004,52542.0,Petrol,110,Metallic,Manual,1600,3,4,5,0,20087.0
Jun_2004,52441.0,Petrol,110,Non-Metallic,Manual,1600,3,4,5,0,12137.0
May_2004,52398.0,Petrol,110,Metallic,Manual,1600,3,4,5,0,10865.0
Sept_2004,52382.0,Petrol,110,Metallic,Manual,1600,3,4,5,0,12137.0
Mar_2004,52328.0,Petrol,97,Metallic,Manual,1400,3,4,5,0,10547.0
Jan_2004,51655.0,Petrol,110,Metallic,Manual,1600,3,4,5,0,11130.0
Mar_2004,51272.0,Petrol,110,Metallic,Manual,1600,5,4,5,0,14575.0
Sept_2004,50955.0,Petrol,97,Non-Metallic,Manual,1400,3,4,5,0,10547.0
Mar_2004,50723.0,Petrol,110,Metallic,Manual,1600,4,4,5,0,10865.0
Mar_2004,50634.0,Petrol,110,Non-Metallic,Manual,1600,3,4,5,0,11501.0
May_2004,50550.0,Petrol,110,Non-Metallic,Manual,1600,5,4,5,0,12609.0
Apr_2004,50298.0,Petrol,110,Metallic,Manual,1600,3,4,5,1,13727.0
Jul_2004,50052.0,Petrol,110,Metallic,Manual,1600,5,4,5,0,12667.0
Jan_2004,50044.0,Petrol,110,Metallic,Manual,1600,5,4,5,0,11395.0
Mar_2004,49667.0,Petrol,97,Non-Metallic,Manual,1400,5,4,5,0,10123.0
Jan_2004,49290.0,Petrol,86,Non-Metallic,Manual,1300,5,4,5,0,11607.0
May_2004,49236.0,Petrol,110,Metallic,Manual,1600,4,4,5,0,12455.0
Oct_2004,49174.0,Petrol,110,Non-Metallic,Manual,1600,5,4,5,0,11607.0
Mar_2004,49004.0,Petrol,110,Metallic,Manual,1600,3,4,5,0,13197.0
May_2004,48791.0,Petrol,110,Metallic,Manual,1600,4,4,5,0,11130.0
Jul_2004,48760.0,Petrol,97,Non-Metallic,Manual,1400,3,4,5,0,11554.0
Jul_2004,48654.0,Petrol,110,Metallic,Manual,1600,5,4,5,0,13727.0
Oct_2004,48601.0,Petrol,97,Non-Metallic,Manual,1400,5,4,5,0,11607.0
Jan_2004,48056.0,Petrol,110,Metallic,Manual,1600,5,4,5,0,13250.0
Feb_2004,47209.0,Petrol,97,Non-Metallic,Manual,1400,3,4,5,0,10547.0
Jan_2004,46322.0,Petrol,86,Metallic,Manual,1300,3,4,5,0,11395.0
Sept_2004,45707.0,Petrol,97,Metallic,Manual,1400,3,4,5,0,13250.0
Aug_2004,44213.0,Petrol,110,Non-Metallic,Manual,1600,3,4,5,0,11077.0
May_2004,44202.0,Petrol,97,Metallic,Manual,1400,3,4,5,0,11395.0
Aug_2004,44134.0,Petrol,110,Metallic,Manual,1600,5,4,5,0,13727.0
Jul_2004,43749.0,Petrol,97,Non-Metallic,Manual,1400,5,4,5,0,11655.0
Aug_2004,43286.0,Petrol,110,Non-Metallic,Automatic,1600,3,4,5,0,12667.0
Jul_2004,42824.0,Petrol,97,Metallic,Manual,1400,5,4,5,0,11925.0
Oct_2004,42783.0,Petrol,110,Metallic,Manual,1600,5,4,5,1,12667.0
Mar_2004,42744.0,Petrol,86,Non-Metallic,Manual,1300,5,4,5,0,14575.0
Oct_2004,42400.0,Petrol,110,Non-Metallic,Manual,1600,5,4,5,0,11660.0
Jul_2004,42088.0,Petrol,110,Metallic,Manual,1600,5,4,5,0,14310.0
Mar_2004,41648.0,Petrol,110,Metallic,Manual,1600,3,4,5,0,11607.0
Mar_2004,41340.0,Petrol,97,Non-Metallic,Manual,1400,3,4,5,0,11395.0
Oct_2004,41234.0,Petrol,97,Metallic,Manual,1400,3,4,5,0,9487.0
Jun_2004,40707.0,Petrol,110,Non-Metallic,Manual,1600,3,4,5,0,13727.0
Jan_2004,39709.0,Petrol,97,Non-Metallic,Manual,1400,3,4,5,0,10335.0
Mar_2004,39220.0,Petrol,97,Metallic,Manual,1400,3,4,5,0,11554.0
Feb_2004,38590.0,Petrol,110,Metallic,Manual,1600,4,4,5,0,11655.0
Sept_2004,38165.0,Petrol,97,Metallic,Manual,1400,5,4,5,0,11395.0
May_2004,38160.0,Petrol,110,Metallic,Manual,1600,5,4,5,0,11607.0
Aug_2004,38160.0,Petrol,110,Non-Metallic,Manual,1600,5,4,5,0,13780.0
Dec_2004,38160.0,Petrol,110,Metallic,Automatic,1600,3,4,5,0,13727.0
May_2004,37972.0,Petrol,110,Non-Metallic,Manual,1600,5,4,5,0,12190.0
Jan_2004,37344.0,Petrol,97,Non-Metallic,Manual,1400,3,4,5,0,11607.0
Sept_2004,37251.0,Petrol,110,Non-Metallic,Manual,1600,3,4,5,0,12413.0
Aug_2004,36983.0,Petrol,97,Non-Metallic,Manual,1400,3,4,5,0,10579.0
Jun_2004,36975.0,Petrol,110,Metallic,Manual,1600,5,4,5,0,12985.0
Nov_2004,36040.0,Petrol,110,Metallic,Manual,1600,5,4,5,0,12190.0
Jan_2004,36038.0,Petrol,110,Non-Metallic,Manual,1600,5,4,5,0,12667.0
Feb_2004,35224.0,Petrol,110,Non-Metallic,Manual,1600,3,4,5,1,12190.0
Nov_2004,35002.0,Petrol,110,Metallic,Manual,1600,5,4,5,0,12614.0
Aug_2004,33919.0,Petrol,97,Non-Metallic,Manual,1400,3,4,5,0,12646.0
May_2004,33474.0,Petrol,97,Non-Metallic,Manual,1400,3,4,5,0,11130.0
Jan_2004,32860.0,Petrol,97,Non-Metallic,Manual,1400,3,4,5,0,9487.0
Nov_2004,32654.0,Petrol,97,Metallic,Manual,1400,5,4,5,0,11077.0
Feb_2004,32289.0,Petrol,86,Metallic,Manual,1300,5,4,5,0,11130.0
Jul_2004,31467.0,Petrol,110,Metallic,Automatic,1600,3,4,5,0,13727.0
Feb_2004,31429.0,Petrol,86,Non-Metallic,Manual,1300,3,4,6,1,10547.0
May_2004,31270.0,Petrol,110,Metallic,Manual,1600,3,4,5,0,13674.0
Sept_2004,30375.0,Petrol,97,Non-Metallic,Manual,1400,3,4,5,0,10547.0
Feb_2004,29150.0,Petrol,97,Metallic,Manual,1400,3,4,5,0,10547.0
Sept_2004,28554.0,Petrol,110,Metallic,Manual,1600,3,4,5,0,11607.0
Apr_2004,28221.0,Petrol,97,Non-Metallic,Manual,1400,5,4,5,0,11607.0
Oct_2004,27794.0,Petrol,97,Metallic,Manual,1400,3,4,5,0,10547.0
Jul_2004,24007.0,Petrol,97,Metallic,Manual,1400,5,4,5,0,11607.0
Jul_2004,23850.0,Petrol,97,Metallic,Manual,1400,3,4,5,0,11448.0
Jan_2004,20472.0,Petrol,97,Non-Metallic,Manual,1400,3,4,5,0,11130.0
Jul_2004,18676.0,Petrol,110,Non-Metallic,Manual,1600,4,4,5,0,11077.0
Jun_2004,18093.0,Petrol,97,Metallic,Manual,1400,3,4,5,0,11236.0
Sept_2004,15900.0,Petrol,97,Metallic,Manual,1400,3,4,5,0,11077.0
Jul_2004,10823.0,Petrol,97,Non-Metallic,Manual,1400,5,4,5,0,13727.0
Oct_2004,5628.0,Petrol,110,Metallic,Automatic,1600,3,4,5,0,11925.0
Jul_2004,1.0,Diesel,90,Metallic,Manual,2000,3,4,5,0,7950.0
May_2004,32860.0,Petrol,97,Non-Metallic,Manual,1398,3,4,5,0,9487.0
Nov_2003,217300.0,Diesel,72,Metallic,Manual,2000,4,4,5,0,7367.0
Jan_2003,216505.0,Diesel,72,Non-Metallic,Manual,2000,3,4,5,1,8374.0
Jan_2003,206218.0,Petrol,86,Non-Metallic,Manual,1300,4,4,5,0,6307.0
Oct_2003,202354.0,Diesel,72,Metallic,Manual,2000,3,4,5,1,7950.0
Jul_2003,194510.0,Diesel,72,Metallic,Manual,2000,5,4,5,0,7950.0
Apr_2003,186755.0,Diesel,72,Metallic,Manual,2000,3,4,5,0,7314.0
Feb_2003,185323.0,Diesel,72,Non-Metallic,Manual,2000,4,4,5,0,6096.0
Jan_2003,165063.0,Petrol,86,Metallic,Manual,1300,3,4,5,1,7367.0
Feb_2003,164830.0,Petrol,110,Metallic,Manual,1600,5,4,5,0,8427.0
Oct_2003,164070.0,Diesel,72,Metallic,Manual,2000,3,4,5,0,8215.0
May_2003,163730.0,Diesel,72,Metallic,Manual,2000,5,4,5,0,8427.0
May_2003,159620.0,Petrol,110,Metallic,Manual,1600,3,4,6,1,8745.0
Feb_2003,157940.0,Diesel,90,Metallic,Manual,2000,5,4,5,0,6625.0
Jul_2003,156494.0,Diesel,72,Non-Metallic,Manual,2000,5,4,5,0,10070.0
Oct_2003,153192.0,Diesel,72,Metallic,Manual,2000,5,4,5,0,7314.0
May_2003,152640.0,CNG,110,Metallic,Manual,1600,3,4,6,0,8957.0
Apr_2003,148578.0,Diesel,72,Metallic,Manual,2000,3,4,5,1,7791.0
Jan_2003,148400.0,Petrol,110,Metallic,Manual,1600,5,4,5,1,9487.0
Sept_2003,148188.0,Diesel,72,Non-Metallic,Manual,2000,3,4,5,0,7314.0
Oct_2003,145273.0,CNG,110,Metallic,Manual,1600,3,4,5,1,9487.0
Aug_2003,145173.0,Petrol,110,Non-Metallic,Manual,1600,3,4,6,1,9275.0
Feb_2003,143457.0,CNG,110,Metallic,Manual,1600,5,4,5,0,8427.0
May_2003,141795.0,Diesel,72,Metallic,Manual,2000,3,4,5,0,9487.0
Nov_2003,141409.0,Diesel,72,Metallic,Manual,2000,5,4,5,1,9487.0
Apr_2003,140775.0,Diesel,72,Metallic,Manual,2000,5,4,5,1,9487.0
May_2003,140337.0,Diesel,72,Non-Metallic,Manual,2000,5,4,5,1,8427.0
Sept_2003,138086.0,Petrol,110,Non-Metallic,Manual,1600,3,4,5,0,8215.0
Oct_2003,137800.0,Diesel,72,Metallic,Manual,2000,4,4,5,0,7950.0
Feb_2003,134620.0,Diesel,72,Metallic,Manual,2000,5,4,5,1,9487.0
Feb_2003,134408.0,Diesel,72,Non-Metallic,Manual,2000,5,4,5,0,10388.0
Mar_2003,134039.0,Petrol,110,Metallic,Manual,1600,5,4,5,1,10017.0
Jul_2003,132686.0,Diesel,116,Non-Metallic,Manual,2000,5,4,5,0,9487.0
Jan_2003,132500.0,Diesel,72,Metallic,Manual,2000,3,4,5,1,9275.0
Aug_2003,130380.0,Diesel,72,Non-Metallic,Manual,2000,5,4,5,1,11130.0
Oct_2003,128924.0,Petrol,86,Non-Metallic,Manual,1300,5,4,5,1,8475.0
May_2003,127624.0,Petrol,110,Non-Metallic,Manual,1600,5,4,5,0,11077.0
Mar_2003,127200.0,Diesel,72,Non-Metallic,Manual,2000,4,4,5,0,10547.0
Jan_2003,126713.0,Petrol,110,Non-Metallic,Manual,1600,3,4,5,0,10547.0
Jan_2003,126670.0,Petrol,110,Metallic,Manual,1600,5,4,5,0,9487.0
Jan_2003,126446.0,Petrol,110,Metallic,Manual,1600,4,4,5,0,8427.0
Dec_2003,125963.0,Petrol,110,Non-Metallic,Manual,1600,3,4,6,1,11607.0
May_2003,125080.0,Diesel,72,Metallic,Manual,2000,5,4,5,1,10547.0
Jan_2003,125032.0,Petrol,110,Metallic,Automatic,1600,4,4,5,0,9116.0
Apr_2003,124666.0,Petrol,86,Non-Metallic,Manual,1300,3,4,5,1,7685.0
Jan_2003,124020.0,Diesel,72,Non-Metallic,Manual,2000,3,4,5,1,7367.0
May_2003,122960.0,Petrol,86,Non-Metallic,Manual,1300,5,4,5,1,8480.0
Nov_2003,122658.0,Petrol,110,Non-Metallic,Manual,1600,5,4,5,0,10547.0
Sept_2003,122102.0,CNG,110,Metallic,Manual,1600,4,4,5,0,10017.0
Jan_2003,121975.0,Petrol,110,Metallic,Manual,1600,3,4,5,0,8427.0
Jun_2003,121900.0,CNG,110,Non-Metallic,Manual,1600,3,4,5,0,10017.0
May_2003,121737.0,Petrol,110,Metallic,Manual,1600,5,4,5,0,10547.0
Apr_2003,121246.0,Diesel,90,Non-Metallic,Manual,2000,3,4,5,0,7367.0
Oct_2003,120522.0,Petrol,110,Metallic,Manual,1600,5,4,5,0,8745.0
Feb_2003,119905.0,Petrol,86,Metallic,Manual,1300,3,4,5,0,10547.0
Oct_2003,119597.0,Petrol,86,Metallic,Manual,1300,5,4,5,0,8745.0
Jan_2003,118843.0,Petrol,110,Metallic,Manual,1600,5,4,5,1,10547.0
Mar_2003,118720.0,Petrol,110,Metallic,Manual,1600,3,4,6,1,11130.0
Jul_2003,118720.0,Diesel,72,Non-Metallic,Manual,2000,4,4,5,0,8427.0
Apr_2003,118475.0,Petrol,110,Non-Metallic,Manual,1600,3,4,6,1,10335.0
Aug_2003,117504.0,Petrol,110,Metallic,Manual,1600,5,4,5,1,9805.0
Jan_2003,116904.0,Petrol,110,Metallic,Manual,1600,3,4,5,0,10070.0
Jul_2003,116120.0,Petrol,110,Non-Metallic,Manual,1600,5,4,5,0,10547.0
Jun_2003,115784.0,Petrol,110,Non-Metallic,Manual,1600,3,4,5,1,8215.0
Jan_2003,115699.0,Petrol,110,Non-Metallic,Manual,1600,5,4,5,0,10070.0
Feb_2003,115321.0,Petrol,110,Metallic,Manual,1600,4,4,5,0,10547.0
May_2003,113191.0,Petrol,110,Non-Metallic,Automatic,1600,3,4,5,0,10335.0
Nov_2003,112299.0,Petrol,86,Non-Metallic,Manual,1300,5,4,5,0,10335.0
Oct_2003,111300.0,Petrol,86,Metallic,Manual,1300,3,4,5,0,6307.0
Jul_2003,111300.0,Petrol,86,Non-Metallic,Manual,1300,5,4,5,1,9010.0
Jan_2003,110557.0,Petrol,110,Metallic,Manual,1600,5,4,5,1,9005.0
Feb_2003,110240.0,Petrol,86,Non-Metallic,Manual,1300,3,4,5,0,9805.0
Jan_2003,110240.0,Petrol,86,Metallic,Manual,1300,3,4,5,0,7314.0
Nov_2003,109665.0,Petrol,86,Metallic,Manual,1300,3,4,5,1,9487.0
Jun_2003,109604.0,Petrol,110,Metallic,Manual,1600,5,4,5,0,10070.0
Jun_2003,108975.0,Petrol,86,Non-Metallic,Manual,1300,5,4,5,0,9805.0
Jan_2003,108644.0,Petrol,110,Non-Metallic,Manual,1600,5,4,5,0,10489.0
Dec_2003,108438.0,Diesel,72,Metallic,Manual,2000,5,4,5,0,10547.0
Aug_2003,108232.0,Petrol,110,Non-Metallic,Manual,1600,3,4,5,1,8427.0
Jan_2003,108002.0,Petrol,110,Metallic,Manual,1600,5,4,5,0,9275.0
Dec_2003,107898.0,Diesel,72,Non-Metallic,Manual,2000,3,4,5,1,8745.0
Jun_2003,107557.0,Petrol,110,Metallic,Manual,1600,3,4,6,1,9487.0
Jan_2003,107061.0,Petrol,110,Non-Metallic,Manual,1600,5,4,5,0,9487.0
Aug_2003,106793.0,Petrol,110,Non-Metallic,Manual,1600,5,4,5,1,9487.0
Apr_2003,106583.0,Petrol,110,Metallic,Manual,1600,5,4,5,0,9487.0
Feb_2003,105768.0,Petrol,110,Metallic,Manual,1600,5,4,5,1,10017.0
Oct_2003,104577.0,Petrol,86,Metallic,Manual,1300,3,4,5,0,9487.0
Apr_2003,104410.0,Petrol,110,Metallic,Manual,1600,5,4,5,0,9805.0
May_2003,104188.0,Petrol,86,Non-Metallic,Manual,1300,4,4,5,0,9275.0
Aug_2003,103507.0,Petrol,110,Metallic,Manual,1600,3,4,6,1,10547.0
Aug_2003,103270.0,Petrol,110,Metallic,Manual,1600,5,4,5,0,10547.0
Apr_2003,103003.0,Petrol,86,Non-Metallic,Manual,1300,3,4,5,1,10494.0
Mar_2003,102869.0,Petrol,86,Metallic,Manual,1300,4,4,5,0,9487.0
Feb_2003,101760.0,Petrol,110,Metallic,Manual,1600,3,4,5,1,9487.0
Sept_2003,101760.0,Diesel,72,Non-Metallic,Manual,2000,4,4,5,0,12985.0
Feb_2003,101495.0,Petrol,110,Metallic,Manual,1600,5,4,5,0,9805.0
Aug_2003,100856.0,Petrol,110,Metallic,Manual,1600,3,4,5,0,10865.0
Jan_2003,100700.0,Petrol,110,Non-Metallic,Manual,1600,3,4,5,0,9487.0
Apr_2003,100700.0,Petrol,110,Metallic,Manual,1600,3,4,5,0,8479.0
Mar_2003,100282.0,Petrol,110,Non-Metallic,Manual,1600,3,4,5,0,10494.0
Jun_2003,100174.0,Petrol,86,Metallic,Manual,1300,4,4,5,0,8745.0
Apr_2003,99034.0,Petrol,110,Metallic,Manual,1600,5,4,5,0,11130.0
Apr_2003,99012.0,Petrol,86,Non-Metallic,Manual,1300,3,4,5,1,8957.0
Jan_2003,98894.0,Petrol,110,Metallic,Manual,1600,5,4,5,0,10494.0
Jul_2003,98684.0,Petrol,110,Metallic,Manual,1600,5,4,5,0,11130.0
Feb_2003,98497.0,Diesel,72,Metallic,Manual,2000,4,4,5,0,9010.0
Aug_2003,98048.0,Petrol,110,Metallic,Manual,1600,3,4,5,1,10070.0
Apr_2003,97760.0,Petrol,110,Non-Metallic,Manual,1600,3,4,6,1,10017.0
Jan_2003,96995.0,Diesel,72,Non-Metallic,Manual,2000,3,4,5,0,10494.0
May_2003,96813.0,Petrol,110,Metallic,Manual,1600,3,4,5,1,8745.0
Apr_2003,96721.0,Petrol,86,Metallic,Manual,1300,3,4,5,1,9275.0
Nov_2003,96460.0,Petrol,110,Metallic,Manual,1600,5,4,5,0,10070.0
Jan_2003,96171.0,Petrol,110,Non-Metallic,Manual,1600,3,4,5,1,8957.0
Jul_2003,95400.0,Petrol,110,Non-Metallic,Manual,1600,3,4,5,1,8999.0
Sept_2003,94951.0,Petrol,110,Non-Metallic,Manual,1600,4,4,5,0,9275.0
May_2003,94494.0,Petrol,86,Metallic,Manual,1300,3,4,5,1,10335.0
Jun_2003,94340.0,Petrol,110,Metallic,Manual,1600,5,4,5,0,10547.0
Jan_2003,94135.0,Petrol,110,Non-Metallic,Manual,1600,3,4,5,0,9010.0
Jun_2003,94006.0,Petrol,110,Non-Metallic,Manual,1600,5,4,5,1,8957.0
Jul_2003,93987.0,Petrol,110,Metallic,Manual,1600,4,4,5,0,8374.0
Dec_2003,93789.0,Petrol,110,Metallic,Manual,1600,3,4,5,1,9275.0
Aug_2003,93415.0,Petrol,86,Non-Metallic,Manual,1300,3,4,5,1,8427.0
Jul_2003,93280.0,Petrol,86,Non-Metallic,Manual,1300,3,4,5,0,7314.0
Apr_2003,93090.0,Petrol,86,Metallic,Manual,1300,3,4,5,0,8639.0
Oct_2003,92913.0,Petrol,86,Metallic,Automatic,1300,5,4,5,0,11655.0
Oct_2003,92101.0,Petrol,110,Metallic,Manual,1600,3,4,5,1,9434.0
Oct_2003,92083.0,Petrol,86,Metallic,Manual,1300,5,4,5,0,10070.0
Jan_2003,91917.0,Petrol,110,Metallic,Manual,1600,4,4,5,0,9487.0
Apr_2003,91042.0,Petrol,110,Non-Metallic,Manual,1600,3,4,6,0,12190.0
Jul_2003,90100.0,Petrol,110,Metallic,Manual,1600,3,4,5,0,11077.0
Sept_2003,90100.0,Petrol,86,Metallic,Manual,1300,3,4,5,1,11130.0
Jan_2003,90075.0,Petrol,110,Metallic,Manual,1600,4,4,5,0,9805.0
Apr_2003,89631.0,Petrol,110,Metallic,Manual,1600,5,4,5,0,11607.0
Jul_2003,89622.0,Petrol,110,Non-Metallic,Manual,1600,5,4,5,0,11077.0
Jan_2003,89551.0,Petrol,110,Metallic,Manual,1600,5,4,5,0,9805.0
Jul_2003,88942.0,Petrol,110,Metallic,Manual,1600,5,4,5,1,9275.0
Feb_2003,88574.0,Petrol,86,Non-Metallic,Manual,1300,3,4,5,1,9275.0
Jan_2003,87980.0,Petrol,107,Metallic,Automatic,1600,5,4,5,1,10388.0
May_2003,87686.0,Petrol,86,Non-Metallic,Manual,1300,3,4,5,0,8745.0
Jul_2003,87366.0,Petrol,110,Metallic,Manual,1600,3,4,6,1,11077.0
Nov_2003,87189.0,Petrol,110,Non-Metallic,Manual,1600,5,4,5,0,10335.0
Aug_2003,87042.0,Petrol,110,Metallic,Manual,1600,3,4,5,0,9487.0
Apr_2003,86920.0,Petrol,86,Metallic,Manual,1300,3,4,5,0,7897.0
Jan_2003,86883.0,Petrol,86,Metallic,Manual,1300,5,4,5,0,8957.0
Mar_2003,86125.0,Petrol,110,Non-Metallic,Manual,1600,3,4,5,0,8745.0
Apr_2003,86064.0,Petrol,110,Metallic,Manual,1600,3,4,6,1,11607.0
Aug_2003,86040.0,Petrol,110,Metallic,Manual,1600,4,4,5,0,9487.0
Mar_2003,85948.0,Petrol,86,Non-Metallic,Manual,1300,3,4,5,1,9275.0
Aug_2003,85557.0,Petrol,110,Metallic,Manual,1600,5,4,5,0,11077.0
Dec_2003,85298.0,Petrol,110,Non-Metallic,Manual,1600,5,4,5,1,11607.0
Apr_2003,85265.0,Petrol,110,Metallic,Manual,1600,4,4,5,0,8957.0
Oct_2003,85256.0,Petrol,110,Metallic,Manual,1600,3,4,6,1,10547.0
Jan_2003,85252.0,Petrol,110,Metallic,Manual,1600,3,4,5,0,10547.0
Jul_2003,85081.0,Petrol,86,Non-Metallic,Manual,1300,3,4,5,0,9275.0
Apr_2003,84962.0,Petrol,110,Non-Metallic,Manual,1600,5,4,5,1,10547.0
Jan_2003,84928.0,Petrol,110,Non-Metallic,Manual,1600,5,4,5,1,10070.0
Apr_2003,84891.0,Petrol,110,Metallic,Manual,1600,4,4,5,0,8745.0
Jul_2003,84800.0,Petrol,110,Non-Metallic,Manual,1600,5,4,5,0,11607.0
Sept_2003,84800.0,Petrol,86,Non-Metallic,Manual,1300,5,4,5,0,8427.0
Apr_2003,84800.0,Petrol,86,Metallic,Manual,1300,2,4,5,0,8745.0
Feb_2003,84649.0,Petrol,110,Metallic,Manual,1600,4,4,5,0,10489.0
Feb_2003,84548.0,Petrol,86,Metallic,Manual,1300,3,4,5,0,9678.0
Oct_2003,84440.0,Petrol,86,Non-Metallic,Automatic,1300,5,4,5,1,11607.0
Sept_2003,83899.0,Petrol,110,Metallic,Manual,1600,5,4,5,0,11130.0
Aug_2003,83740.0,Petrol,110,Metallic,Manual,1600,3,4,5,0,9434.0
Dec_2003,83692.0,Petrol,86,Metallic,Manual,1300,5,4,5,1,10070.0
Oct_2003,83475.0,Diesel,90,Metallic,Manual,1975,5,4,5,0,11607.0
Jan_2003,83232.0,Petrol,86,Non-Metallic,Manual,1300,3,4,5,1,8427.0
May_2003,83057.0,Petrol,86,Metallic,Manual,1300,3,4,5,1,8427.0
Apr_2003,82761.0,Petrol,86,Metallic,Manual,1300,3,4,5,0,8427.0
Aug_2003,82747.0,Petrol,107,Metallic,Automatic,1600,5,4,5,1,10070.0
Feb_2003,82490.0,Petrol,110,Metallic,Manual,1600,5,4,5,0,11607.0
Jan_2003,82357.0,Petrol,110,Metallic,Manual,1600,4,4,5,0,10335.0
Apr_2003,82150.0,Petrol,110,Metallic,Manual,1600,3,4,5,1,10335.0
Jun_2003,82104.0,Petrol,110,Metallic,Manual,1600,3,4,5,0,10017.0
Jan_2003,81651.0,Petrol,86,Metallic,Manual,1300,3,4,5,0,9487.0
Jan_2003,81628.0,Petrol,86,Metallic,Manual,1300,3,4,5,0,9487.0
Mar_2003,81398.0,Petrol,110,Metallic,Manual,1600,5,4,5,1,9434.0
Aug_2003,81302.0,Petrol,86,Metallic,Manual,1300,5,4,5,1,10547.0
Feb_2003,81163.0,Petrol,86,Metallic,Manual,1300,3,4,5,0,9275.0
Oct_2003,80732.0,Petrol,110,Metallic,Manual,1600,5,4,5,0,9487.0
Apr_2003,80724.0,Petrol,110,Metallic,Manual,1600,4,4,5,0,9529.0
Aug_2003,80146.0,Petrol,86,Metallic,Manual,1300,3,4,5,0,9487.0
Jul_2003,80103.0,Diesel,72,Metallic,Manual,2000,3,4,5,0,9487.0
Feb_2003,79955.0,Petrol,110,Metallic,Manual,1600,3,4,6,1,10547.0
Jan_2003,79500.0,Petrol,110,Metallic,Manual,1600,5,4,5,0,10494.0
Apr_2003,79500.0,Petrol,86,Non-Metallic,Manual,1300,3,4,5,0,9487.0
Jul_2003,79500.0,Petrol,110,Metallic,Manual,1600,5,4,5,0,9487.0
Mar_2003,79461.0,Petrol,107,Non-Metallic,Automatic,1600,3,4,5,0,10070.0
Jan_2003,79382.0,Petrol,86,Metallic,Manual,1300,3,4,5,1,8427.0
Jan_2003,79368.0,Petrol,110,Non-Metallic,Manual,1600,5,4,5,0,8215.0
Jun_2003,79232.0,Petrol,110,Metallic,Manual,1600,5,4,5,0,9487.0
Sept_2003,79203.0,Petrol,110,Metallic,Manual,1600,5,4,5,1,12667.0
Jul_2003,78924.0,Petrol,110,Non-Metallic,Manual,1600,5,4,5,0,9487.0
Sept_2003,78797.0,Petrol,86,Non-Metallic,Manual,1300,5,4,5,1,12667.0
Jan_2003,78766.0,Petrol,110,Non-Metallic,Manual,1600,3,4,5,0,9487.0
May_2003,78645.0,Petrol,110,Non-Metallic,Manual,1600,3,4,5,0,10547.0
Apr_2003,78630.0,Petrol,110,Metallic,Manual,1600,3,4,5,0,8745.0
Feb_2003,78372.0,Petrol,86,Metallic,Manual,1300,5,4,5,1,9535.0
Aug_2003,78328.0,Petrol,110,Metallic,Manual,1600,3,4,6,1,10595.0
May_2003,77910.0,Petrol,110,Metallic,Manual,1600,3,4,5,0,9805.0
May_2003,77779.0,Petrol,110,Non-Metallic,Manual,1600,5,4,5,0,11607.0
May_2003,77698.0,Petrol,86,Metallic,Manual,1300,3,4,5,0,9434.0
Nov_2003,77562.0,Petrol,110,Metallic,Manual,1600,5,4,5,0,10070.0
Nov_2003,77304.0,Petrol,110,Metallic,Manual,1600,5,4,5,0,10547.0
Feb_2003,77253.0,Petrol,86,Metallic,Manual,1332,3,4,5,0,8427.0
Jun_2003,76873.0,Petrol,110,Metallic,Manual,1600,3,4,5,0,8745.0
May_2003,76320.0,Petrol,86,Metallic,Manual,1300,3,4,5,1,10017.0
Dec_2003,76320.0,Petrol,86,Non-Metallic,Manual,1300,3,4,5,0,8427.0
Oct_2003,75648.0,Petrol,110,Non-Metallic,Manual,1600,3,4,6,0,10070.0
Apr_2003,75596.0,Petrol,110,Non-Metallic,Manual,1600,3,4,5,1,9487.0
Jul_2003,75260.0,Petrol,110,Non-Metallic,Manual,1600,5,4,5,0,11607.0
Sept_2003,75211.0,Petrol,110,Non-Metallic,Manual,1600,3,4,5,1,9487.0
Jun_2003,75162.0,Petrol,86,Non-Metallic,Manual,1300,5,4,5,0,10017.0
Nov_2003,74794.0,Petrol,110,Metallic,Manual,1600,3,4,5,1,8480.0
Feb_2003,74785.0,Petrol,110,Non-Metallic,Manual,1600,5,4,5,0,10494.0
Jul_2003,74730.0,Petrol,110,Metallic,Manual,1600,5,4,5,0,9487.0
Sept_2003,74680.0,Diesel,72,Non-Metallic,Manual,2000,5,4,5,0,11554.0
Oct_2003,74431.0,Petrol,110,Metallic,Manual,1600,3,4,5,0,10017.0
May_2003,74323.0,Petrol,110,Metallic,Manual,1600,4,4,5,0,8957.0
Apr_2003,74272.0,Petrol,110,Metallic,Manual,1600,5,4,5,0,10070.0
Feb_2003,74200.0,Petrol,107,Metallic,Automatic,1587,3,4,5,0,11130.0
Jan_2003,74200.0,Petrol,86,Metallic,Manual,1300,3,4,5,0,7367.0
Jan_2003,73249.0,Petrol,110,Non-Metallic,Manual,1600,4,4,5,0,10335.0
Nov_2003,73163.0,Petrol,86,Metallic,Manual,1300,5,4,5,1,7367.0
Feb_2003,73140.0,Petrol,110,Metallic,Manual,1600,3,4,6,1,10229.0
Jan_2003,72997.0,Petrol,110,Metallic,Manual,1600,3,4,6,1,10547.0
Nov_2003,72846.0,Petrol,86,Non-Metallic,Manual,1300,3,4,5,1,9805.0
Jun_2003,72560.0,Petrol,110,Metallic,Manual,1600,5,4,5,1,9487.0
Jun_2003,72332.0,Petrol,86,Non-Metallic,Manual,1300,5,4,5,0,10494.0
Jun_2003,72242.0,Petrol,110,Metallic,Manual,1600,5,4,5,0,11655.0
Apr_2003,72080.0,Petrol,110,Non-Metallic,Manual,1600,5,4,5,0,11130.0
Apr_2003,72080.0,Petrol,86,Metallic,Manual,1300,3,4,5,1,9487.0
Feb_2003,71828.0,Petrol,110,Metallic,Manual,1600,3,4,6,1,10335.0
Jan_2003,71175.0,Petrol,110,Metallic,Manual,1600,5,4,5,0,11607.0
Feb_2003,71137.0,Petrol,86,Metallic,Manual,1300,5,4,5,0,10335.0
Oct_2003,71031.0,Petrol,110,Metallic,Manual,1600,3,4,6,0,10547.0
Apr_2003,71023.0,Petrol,110,Metallic,Manual,1600,4,4,5,0,11130.0
Jan_2003,70792.0,Petrol,86,Non-Metallic,Automatic,1300,3,4,5,1,11024.0
Jan_2003,70543.0,Petrol,86,Non-Metallic,Manual,1332,3,4,5,0,9328.0
Aug_2003,70235.0,Petrol,110,Metallic,Manual,1600,3,4,6,1,11130.0
Jul_2003,70047.0,Petrol,110,Non-Metallic,Manual,1600,5,4,5,1,9805.0
Apr_2003,69960.0,Petrol,86,Metallic,Manual,1300,3,4,5,1,8268.0
Aug_2003,69960.0,Petrol,110,Non-Metallic,Manual,1600,3,4,5,1,10547.0
Jun_2003,69850.0,Petrol,110,Metallic,Manual,1600,3,4,6,1,11395.0
Feb_2003,69732.0,Petrol,110,Metallic,Manual,1600,5,4,5,0,11607.0
Apr_2003,69444.0,Petrol,110,Metallic,Automatic,1600,4,4,5,0,10547.0
Oct_2003,69391.0,Petrol,110,Metallic,Manual,1600,5,4,5,0,10547.0
Jan_2003,69324.0,Petrol,86,Metallic,Manual,1300,4,4,5,0,8586.0
Sept_2003,69175.0,Petrol,110,Metallic,Manual,1600,3,4,5,1,9805.0
May_2003,68900.0,Petrol,110,Metallic,Manual,1600,3,4,5,1,8268.0
Jan_2003,68900.0,Petrol,110,Non-Metallic,Manual,1600,5,4,5,0,9540.0
Dec_2003,68900.0,Petrol,110,Non-Metallic,Manual,1600,4,4,5,0,9487.0
Jul_2003,68864.0,Petrol,86,Non-Metallic,Manual,1300,3,4,5,0,9487.0
Jan_2003,68847.0,Petrol,110,Metallic,Manual,1600,5,4,5,0,10547.0
Sept_2003,68809.0,Petrol,110,Metallic,Manual,1600,5,4,5,1,9010.0
Jul_2003,68685.0,Petrol,110,Metallic,Manual,1600,5,4,5,0,8475.0
Apr_2003,68658.0,Petrol,110,Metallic,Manual,1600,3,4,5,0,9275.0
Jun_2003,68571.0,Petrol,86,Non-Metallic,Manual,1300,3,4,5,0,10335.0
Apr_2003,68508.0,Petrol,110,Non-Metallic,Manual,1600,5,4,5,0,11607.0
Feb_2003,68490.0,Petrol,110,Metallic,Manual,1600,5,4,5,1,10335.0
Sept_2003,68246.0,Petrol,86,Non-Metallic,Manual,1300,3,4,5,0,8692.0
Jan_2003,67840.0,Petrol,110,Non-Metallic,Manual,1600,5,4,5,0,9487.0
Mar_2003,67714.0,Petrol,86,Non-Metallic,Manual,1300,3,4,5,1,10070.0
Nov_2003,67702.0,Diesel,72,Non-Metallic,Manual,2000,5,4,5,0,11607.0
Mar_2003,67128.0,Petrol,86,Non-Metallic,Automatic,1300,5,4,5,0,10335.0
Apr_2003,66780.0,Petrol,86,Metallic,Automatic,1300,5,4,5,0,10547.0
Aug_2003,66780.0,Petrol,86,Non-Metallic,Automatic,1300,3,4,5,0,11077.0
Apr_2003,66140.0,Petrol,110,Non-Metallic,Manual,1600,3,4,5,1,10441.0
Jul_2003,66120.0,Petrol,110,Metallic,Manual,1600,5,4,5,0,10017.0
Feb_2003,66055.0,Petrol,110,Metallic,Manual,1600,3,4,5,0,10913.0
Jan_2003,66030.0,Petrol,110,Metallic,Manual,1600,3,4,6,0,10335.0
Apr_2003,65958.0,Petrol,110,Metallic,Manual,1600,3,4,5,0,9487.0
Jan_2003,65955.0,Petrol,110,Non-Metallic,Manual,1600,5,4,5,0,10494.0
Mar_2003,65863.0,Petrol,86,Metallic,Manual,1300,5,4,5,0,9275.0
Nov_2003,65745.0,Petrol,110,Metallic,Manual,1600,5,4,5,0,10547.0
Sept_2003,65696.0,Petrol,86,Metallic,Manual,1300,3,4,5,1,9010.0
Jul_2003,65646.0,Petrol,110,Metallic,Manual,1600,4,4,5,0,10547.0
Dec_2003,65383.0,Petrol,110,Non-Metallic,Manual,1600,3,4,5,0,11607.0
Jan_2003,65262.0,Petrol,110,Metallic,Manual,1600,4,4,5,0,10383.0
Jan_2003,65194.0,Petrol,110,Metallic,Manual,1600,4,4,5,0,9275.0
Apr_2003,65067.0,Petrol,110,Metallic,Manual,1600,3,4,5,0,8745.0
Nov_2003,65024.0,Petrol,110,Metallic,Manual,1600,5,4,5,0,10547.0
Jul_2003,64929.0,Petrol,110,Non-Metallic,Manual,1600,5,4,5,0,10547.0
Oct_2003,64836.0,Petrol,110,Metallic,Manual,1600,3,4,5,0,11130.0
Jul_2003,64818.0,Petrol,86,Metallic,Manual,1300,5,4,5,0,10335.0
Aug_2003,64813.0,Petrol,110,Metallic,Manual,1600,5,4,5,0,11925.0
Oct_2003,64795.0,Petrol,110,Metallic,Manual,1600,3,4,5,1,9434.0
Sept_2003,64766.0,Petrol,86,Metallic,Manual,1300,3,4,5,1,8427.0
Jan_2003,64766.0,Petrol,110,Metallic,Manual,1600,5,4,5,0,12190.0
Dec_2003,64660.0,Petrol,110,Metallic,Manual,1600,3,4,5,1,10017.0
Apr_2003,64367.0,Petrol,86,Metallic,Manual,1300,3,4,5,0,8475.0
Oct_2003,64350.0,Petrol,86,Metallic,Manual,1300,5,4,5,1,11655.0
Aug_2003,64164.0,Petrol,110,Metallic,Manual,1600,3,4,5,1,9487.0
Feb_2003,63600.0,Petrol,86,Non-Metallic,Automatic,1300,4,4,5,0,8745.0
Mar_2003,63600.0,Petrol,86,Metallic,Manual,1300,3,4,5,1,9487.0
Apr_2003,63600.0,Petrol,86,Metallic,Manual,1300,3,4,5,1,9487.0
Jul_2003,62853.0,Petrol,86,Non-Metallic,Manual,1300,5,4,5,1,10070.0
Apr_2003,62820.0,Petrol,86,Non-Metallic,Manual,1300,3,4,5,1,7950.0
Jun_2003,62540.0,Petrol,110,Non-Metallic,Manual,1600,3,4,5,1,9487.0
Jun_2003,62540.0,Petrol,86,Metallic,Manual,1300,5,4,5,0,10547.0
Apr_2003,62540.0,Petrol,110,Non-Metallic,Manual,1600,5,4,5,0,10335.0
Aug_2003,62540.0,Petrol,110,Metallic,Manual,1600,5,4,5,1,10017.0
Apr_2003,62540.0,Petrol,110,Non-Metallic,Manual,1600,3,4,5,0,10547.0
Jan_2003,62392.0,Petrol,110,Metallic,Manual,1600,3,4,5,0,10335.0
Apr_2003,62359.0,Petrol,110,Non-Metallic,Manual,1600,3,4,5,0,9487.0
Mar_2003,62173.0,Petrol,110,Metallic,Manual,1600,5,4,5,0,8745.0
Apr_2003,61798.0,Petrol,86,Metallic,Manual,1300,3,4,5,1,8215.0
Sept_2003,61765.0,Petrol,110,Metallic,Manual,1600,3,4,5,1,9487.0
May_2003,61624.0,Petrol,110,Metallic,Manual,1600,5,4,5,0,10547.0
Mar_2003,61600.0,Petrol,107,Metallic,Automatic,1600,3,4,5,0,10017.0
Feb_2003,61541.0,Petrol,110,Metallic,Manual,1600,3,4,6,1,13727.0
Nov_2003,61480.0,Petrol,110,Metallic,Manual,1600,3,4,5,1,10547.0
Jul_2003,61480.0,Petrol,110,Metallic,Manual,1600,3,4,6,1,11125.0
Jan_2003,61019.0,Petrol,86,Metallic,Manual,1300,5,4,5,1,8427.0
Jun_2003,60858.0,Petrol,107,Non-Metallic,Automatic,1600,5,4,5,1,11130.0
Apr_2003,60816.0,Petrol,110,Metallic,Manual,1600,5,4,5,0,9487.0
Jul_2003,60610.0,Petrol,110,Metallic,Manual,1600,5,4,5,0,10494.0
Aug_2003,60599.0,Petrol,110,Metallic,Manual,1600,3,4,6,1,10595.0
Jun_2003,60551.0,Petrol,110,Metallic,Manual,1600,3,4,6,1,10547.0
Jun_2003,60420.0,Petrol,110,Metallic,Manual,1600,3,4,5,1,10547.0
Feb_2003,60420.0,Petrol,110,Non-Metallic,Manual,1600,3,4,5,1,8745.0
Jun_2003,60420.0,Petrol,86,Metallic,Manual,1300,5,4,5,0,10547.0
Oct_2003,59635.0,Petrol,86,Non-Metallic,Manual,1300,3,4,5,0,9487.0
Jul_2003,59582.0,Petrol,107,Metallic,Automatic,1600,3,4,5,1,11607.0
Feb_2003,59438.0,Petrol,86,Non-Metallic,Manual,1300,4,4,5,0,9805.0
Jun_2003,59299.0,Petrol,110,Metallic,Manual,1600,5,4,5,1,10547.0
Dec_2003,59195.0,Petrol,86,Metallic,Manual,1300,5,4,5,0,10595.0
Aug_2003,59092.0,Petrol,86,Non-Metallic,Manual,1300,3,4,5,0,9275.0
Nov_2003,58807.0,Petrol,86,Non-Metallic,Manual,1300,5,4,5,0,11607.0
Sept_2003,58390.0,Petrol,107,Non-Metallic,Automatic,1600,5,4,5,0,10971.0
Apr_2003,58365.0,Petrol,110,Metallic,Manual,1600,5,4,5,1,10547.0
Apr_2003,58300.0,Petrol,86,Metallic,Manual,1300,3,4,5,0,9487.0
Dec_2003,58300.0,Petrol,110,Non-Metallic,Manual,1600,5,4,5,0,11607.0
Jun_2003,58232.0,Petrol,110,Metallic,Manual,1600,5,4,5,0,11607.0
Jan_2003,58168.0,Petrol,110,Metallic,Manual,1600,5,4,5,1,9487.0
Feb_2003,58138.0,Petrol,110,Non-Metallic,Manual,1600,3,4,5,0,9434.0
Sept_2003,57827.0,Petrol,110,Metallic,Manual,1600,3,4,6,1,10865.0
Aug_2003,57372.0,Petrol,110,Metallic,Manual,1600,5,4,5,0,10017.0
Aug_2003,57240.0,Petrol,110,Metallic,Manual,1600,3,4,5,0,9805.0
Dec_2003,57240.0,Petrol,110,Metallic,Manual,1600,5,4,5,0,11130.0
Nov_2003,57240.0,Petrol,86,Non-Metallic,Manual,1300,5,4,5,1,7791.0
Dec_2003,57240.0,Petrol,110,Metallic,Manual,1600,3,4,5,0,10865.0
Jul_2003,56482.0,Petrol,110,Metallic,Manual,1600,5,4,5,0,10865.0
Apr_2003,56236.0,Petrol,110,Metallic,Manual,1600,5,4,5,0,12190.0
Jan_2003,56180.0,Petrol,110,Metallic,Automatic,1587,3,4,5,0,9487.0
Jan_2003,56180.0,Petrol,86,Non-Metallic,Manual,1300,3,4,5,0,8215.0
May_2003,56146.0,Petrol,110,Metallic,Manual,1600,3,4,5,1,10070.0
Feb_2003,55968.0,Petrol,86,Metallic,Manual,1300,3,4,5,1,8957.0
Dec_2003,55701.0,Petrol,110,Non-Metallic,Manual,1600,3,4,5,1,9487.0
Sept_2003,55636.0,Petrol,110,Metallic,Manual,1600,4,4,5,0,8904.0
Mar_2003,55526.0,Petrol,86,Non-Metallic,Manual,1300,3,4,5,1,9805.0
Aug_2003,55239.0,Petrol,110,Metallic,Manual,1600,4,4,5,0,9434.0
Nov_2003,54815.0,Petrol,110,Non-Metallic,Manual,1600,3,4,5,1,9275.0
Nov_2003,54506.0,Petrol,110,Non-Metallic,Automatic,1600,5,4,3,0,11607.0
Aug_2003,54309.0,Petrol,86,Metallic,Manual,1300,4,4,5,0,9487.0
Apr_2003,54060.0,Petrol,86,Metallic,Manual,1300,3,4,5,0,9487.0
Aug_2003,53980.0,Petrol,110,Metallic,Manual,1600,5,4,5,0,9429.0
Mar_2003,53854.0,Petrol,86,Non-Metallic,Manual,1300,3,4,5,0,9953.0
Oct_2003,53497.0,Petrol,110,Metallic,Manual,1600,5,4,5,1,9275.0
Aug_2003,53183.0,Petrol,110,Metallic,Manual,1600,5,4,5,0,10335.0
Jul_2003,53000.0,Petrol,110,Metallic,Manual,1600,5,4,5,0,10547.0
Apr_2003,52939.0,Petrol,110,Non-Metallic,Manual,1600,3,4,6,0,11607.0
Feb_2003,52560.0,Petrol,110,Non-Metallic,Manual,1600,5,4,5,0,10494.0
Jul_2003,52213.0,Petrol,110,Metallic,Manual,1600,4,4,5,0,10070.0
Aug_2003,51940.0,Petrol,110,Non-Metallic,Manual,1600,3,4,5,0,10547.0
Jun_2003,51662.0,Petrol,110,Non-Metallic,Manual,1600,5,4,5,0,10547.0
Jul_2003,50615.0,Petrol,86,Metallic,Manual,1300,5,4,5,0,11130.0
Jun_2003,50469.0,Petrol,86,Non-Metallic,Manual,1300,3,4,5,1,10547.0
Jan_2003,50350.0,Petrol,86,Metallic,Manual,1300,5,4,5,0,11125.0
Mar_2003,50071.0,Petrol,110,Non-Metallic,Manual,1600,3,4,5,0,10070.0
Nov_2003,50001.0,Petrol,86,Metallic,Manual,1300,3,4,5,0,9010.0
Sept_2003,49884.0,Petrol,110,Non-Metallic,Manual,1600,4,4,5,0,11077.0
Apr_2003,49835.0,Petrol,86,Metallic,Manual,1300,3,4,5,0,9487.0
Oct_2003,49745.0,Petrol,86,Metallic,Manual,1300,3,4,5,1,10494.0
Jun_2003,48760.0,Petrol,86,Non-Metallic,Manual,1300,5,4,5,1,9434.0
Apr_2003,48422.0,Petrol,110,Non-Metallic,Manual,1600,3,4,5,1,9270.0
Apr_2003,48282.0,Petrol,86,Metallic,Manual,1300,3,4,5,0,9275.0
Dec_2003,47700.0,Petrol,110,Metallic,Manual,1600,5,4,5,0,11395.0
Dec_2003,47700.0,Petrol,110,Metallic,Manual,1600,3,4,5,0,10335.0
Apr_2003,47700.0,Petrol,110,Non-Metallic,Manual,1600,5,4,5,0,9381.0
Mar_2003,47700.0,Petrol,86,Metallic,Manual,1300,5,4,5,1,8427.0
Jun_2003,47700.0,Petrol,110,Metallic,Manual,1600,4,4,5,0,10017.0
Aug_2003,47700.0,Petrol,107,Non-Metallic,Automatic,1600,3,4,5,0,10547.0
Jun_2003,47641.0,Petrol,110,Metallic,Manual,1600,4,4,5,0,8745.0
Aug_2003,47273.0,Petrol,86,Non-Metallic,Manual,1300,3,4,5,0,10547.0
Jan_2003,47125.0,Petrol,86,Non-Metallic,Manual,1300,3,4,5,0,10595.0
Oct_2003,46447.0,Petrol,110,Non-Metallic,Manual,1600,5,4,5,0,10547.0
Sept_2003,46032.0,Petrol,110,Metallic,Manual,1600,5,4,5,0,11125.0
Nov_2003,45580.0,CNG,110,Metallic,Automatic,1600,4,4,3,0,8427.0
Jan_2003,45580.0,Petrol,110,Metallic,Manual,1600,5,4,5,0,9487.0
Dec_2003,45580.0,Petrol,110,Non-Metallic,Manual,1600,5,4,5,0,10277.0
May_2003,45580.0,Petrol,86,Non-Metallic,Manual,1300,3,4,5,0,8215.0
Jan_2003,45315.0,Petrol,110,Metallic,Manual,1600,3,4,5,0,10547.0
Feb_2003,44628.0,Petrol,110,Metallic,Manual,1600,5,4,5,0,10547.0
Jun_2003,44081.0,Petrol,110,Metallic,Manual,1600,5,4,5,0,10547.0
May_2003,43672.0,Petrol,110,Non-Metallic,Manual,1600,5,4,5,0,10494.0
Dec_2003,42627.0,Petrol,86,Non-Metallic,Manual,1300,3,4,5,1,11607.0
Sept_2003,42400.0,Petrol,86,Metallic,Manual,1300,4,4,5,0,9487.0
Mar_2003,41575.0,Petrol,86,Metallic,Automatic,1300,3,4,5,1,9487.0
Mar_2003,41493.0,Petrol,110,Metallic,Manual,1600,3,4,5,0,8745.0
Jul_2003,41340.0,Petrol,110,Metallic,Manual,1600,5,4,5,0,10865.0
Aug_2003,40300.0,Petrol,110,Metallic,Manual,1600,5,4,5,1,9275.0
Jan_2003,40025.0,Petrol,110,Metallic,Manual,1600,5,4,5,1,10335.0
Aug_2003,39750.0,Petrol,110,Non-Metallic,Manual,1600,5,4,5,0,11607.0
Sept_2003,39338.0,Petrol,110,Metallic,Manual,1600,3,4,5,1,11607.0
Jul_2003,39220.0,Petrol,86,Non-Metallic,Manual,1300,3,4,5,0,10335.0
Oct_2003,39171.0,Petrol,110,Metallic,Manual,1600,3,4,5,1,9434.0
Sept_2003,39160.0,Petrol,110,Non-Metallic,Manual,1600,5,4,5,1,10070.0
Jun_2003,39138.0,Petrol,86,Non-Metallic,Manual,1300,5,4,5,1,10547.0
Mar_2003,38857.0,Petrol,110,Non-Metallic,Manual,1600,3,4,5,1,10547.0
Apr_2003,38160.0,Petrol,86,Metallic,Manual,1300,3,4,5,0,8745.0
Apr_2003,38160.0,Petrol,110,Metallic,Manual,1600,3,4,6,1,11077.0
Jul_2003,37643.0,Petrol,110,Metallic,Manual,1600,3,4,6,1,11607.0
Apr_2003,37400.0,Petrol,86,Metallic,Manual,1300,3,4,5,0,9805.0
Jan_2003,37100.0,Petrol,110,Metallic,Manual,1600,3,4,5,1,9434.0
Dec_2003,37100.0,Petrol,86,Metallic,Manual,1300,5,4,5,1,11554.0
May_2003,36161.0,Petrol,110,Non-Metallic,Manual,1600,3,4,5,1,10335.0
Nov_2003,36040.0,Petrol,110,Non-Metallic,Manual,1600,5,4,5,0,12667.0
Jan_2003,35878.0,Petrol,86,Metallic,Manual,1300,4,4,5,0,8374.0
Dec_2003,35547.0,Petrol,110,Non-Metallic,Manual,1600,4,4,5,0,11554.0
Apr_2003,34980.0,Petrol,110,Non-Metallic,Manual,1600,3,4,5,0,11077.0
Oct_2003,34079.0,Petrol,110,Metallic,Manual,1600,5,4,5,1,11607.0
Apr_2003,33483.0,Petrol,86,Metallic,Manual,1300,3,4,5,0,10547.0
Sept_2003,33369.0,Petrol,110,Metallic,Manual,1600,3,4,6,0,11395.0
Dec_2003,33185.0,Petrol,110,Metallic,Manual,1600,5,4,5,1,10494.0
Jan_2003,32860.0,Petrol,110,Metallic,Manual,1600,4,4,5,0,11395.0
Nov_2003,32472.0,Petrol,110,Metallic,Manual,1600,5,4,5,0,11077.0
Jan_2003,32118.0,Petrol,86,Metallic,Manual,1300,4,4,5,0,10017.0
Sept_2003,30210.0,Petrol,86,Metallic,Automatic,1300,3,4,5,0,11395.0
Sept_2003,30210.0,Petrol,110,Non-Metallic,Manual,1600,5,4,5,0,11607.0
Dec_2003,29680.0,Petrol,86,Non-Metallic,Manual,1300,3,4,5,1,10600.0
Jan_2003,28300.0,Petrol,110,Non-Metallic,Manual,1600,3,4,5,0,11130.0
Jul_2003,27560.0,Petrol,107,Non-Metallic,Automatic,1600,3,4,5,0,13250.0
Jul_2003,27035.0,Petrol,86,Metallic,Manual,1300,5,4,5,1,9487.0
Nov_2003,26500.0,Petrol,110,Metallic,Manual,1600,5,4,5,0,11130.0
Mar_2003,24205.0,Petrol,110,Metallic,Manual,1600,3,4,5,0,9800.0
Oct_2003,24067.0,Petrol,110,Metallic,Manual,1600,5,4,5,0,11607.0
Jun_2003,23509.0,Petrol,86,Metallic,Manual,1300,3,4,5,0,10070.0
Jul_2003,18386.0,Petrol,110,Metallic,Manual,1600,3,4,5,0,11554.0
Feb_2003,16467.0,Petrol,86,Metallic,Automatic,1300,4,4,5,0,11607.0
Mar_2003,16017.0,Petrol,86,Non-Metallic,Manual,1300,5,4,5,1,10017.0
Aug_2002,246916.0,Diesel,72,Non-Metallic,Manual,2000,5,4,5,0,6254.0
Feb_2002,231205.0,Diesel,72,Non-Metallic,Manual,2000,5,4,5,0,7367.0
Mar_2002,230830.0,Diesel,72,Metallic,Manual,2000,5,4,5,0,6360.0
Feb_2002,219541.0,CNG,110,Metallic,Manual,1600,5,4,5,0,5565.0
Jul_2002,215449.0,Diesel,72,Metallic,Manual,2000,3,4,5,0,4664.0
Apr_2002,212776.0,Diesel,72,Metallic,Manual,2000,4,4,5,0,7155.0
Dec_2002,209351.0,Diesel,72,Non-Metallic,Manual,2000,5,4,5,1,9010.0
Jan_2002,206451.0,Diesel,72,Non-Metallic,Manual,2000,3,4,5,0,6519.0
May_2002,203117.0,Diesel,72,Non-Metallic,Manual,2000,5,4,5,1,7367.0
May_2002,194274.0,Diesel,72,Non-Metallic,Manual,2000,3,4,5,0,6095.0
Mar_2002,191201.0,Diesel,72,Metallic,Manual,2000,4,4,5,0,9275.0
Nov_2002,189528.0,Diesel,72,Non-Metallic,Manual,2000,3,4,5,1,6890.0
Aug_2002,186748.0,Petrol,110,Metallic,Manual,1600,5,4,5,0,6307.0
Mar_2002,186560.0,Petrol,86,Non-Metallic,Manual,1300,5,4,5,0,6890.0
Apr_2002,183359.0,Diesel,72,Metallic,Manual,2000,5,4,5,0,11130.0
Apr_2002,180200.0,Diesel,72,Non-Metallic,Manual,2000,4,4,5,0,9010.0
Oct_2002,173840.0,Petrol,110,Metallic,Manual,1600,3,4,5,0,8427.0
Mar_2002,171482.0,Petrol,86,Metallic,Manual,1300,3,4,5,1,6148.0
Jan_2002,169600.0,Petrol,86,Non-Metallic,Manual,1300,3,4,5,1,7155.0
Mar_2002,169566.0,Diesel,72,Non-Metallic,Manual,2000,3,4,5,1,7367.0
Jul_2002,169502.0,Petrol,110,Non-Metallic,Manual,1600,3,4,5,1,6084.0
Aug_2002,168002.0,Petrol,86,Non-Metallic,Manual,1300,3,4,5,1,6943.0
Dec_2002,165576.0,Diesel,72,Metallic,Manual,2000,3,4,5,1,9487.0
Aug_2002,165539.0,Petrol,86,Metallic,Manual,1300,5,4,5,1,7155.0
Mar_2002,164523.0,Petrol,110,Non-Metallic,Manual,1600,3,4,5,0,8427.0
Dec_2002,164300.0,Diesel,72,Non-Metallic,Manual,2000,3,4,5,1,8427.0
May_2002,164194.0,Diesel,72,Metallic,Manual,2000,5,4,5,0,7897.0
Nov_2002,160378.0,Diesel,72,Metallic,Manual,2000,5,4,5,1,8215.0
Oct_2002,160060.0,CNG,110,Metallic,Manual,1600,5,4,5,0,6837.0
Jun_2002,159000.0,Diesel,72,Metallic,Manual,2000,3,4,5,0,8374.0
Dec_2002,155082.0,Diesel,72,Metallic,Manual,2000,3,4,5,1,7314.0
Jun_2002,154969.0,Petrol,86,Non-Metallic,Manual,1300,3,4,5,1,5936.0
Apr_2002,154756.0,Petrol,110,Non-Metallic,Manual,1600,4,4,5,0,6307.0
Jan_2002,152174.0,Petrol,86,Metallic,Automatic,1300,3,4,5,0,7367.0
Oct_2002,147494.0,Diesel,73,Non-Metallic,Manual,2000,2,4,5,0,8427.0
Feb_2002,146810.0,Petrol,86,Non-Metallic,Manual,1300,5,4,5,0,9487.0
Jul_2002,146005.0,Diesel,90,Metallic,Manual,2000,5,4,5,0,8427.0
Jan_2002,145409.0,Diesel,90,Metallic,Manual,2000,5,4,5,0,10070.0
May_2002,142982.0,Diesel,72,Metallic,Manual,2000,3,4,5,0,9116.0
Oct_2002,142740.0,Diesel,72,Non-Metallic,Manual,2000,5,4,5,0,6307.0
Aug_2002,142611.0,Petrol,110,Non-Metallic,Manual,1600,5,4,5,0,8215.0
Feb_2002,139390.0,Diesel,72,Non-Metallic,Manual,2000,5,4,5,0,8427.0
Apr_2002,139185.0,Petrol,110,Metallic,Manual,1600,3,4,5,1,7367.0
Jul_2002,137826.0,Petrol,110,Metallic,Manual,1600,3,4,5,1,7685.0
Mar_2002,137800.0,Petrol,86,Non-Metallic,Manual,1300,5,4,5,0,6890.0
Apr_2002,136698.0,Petrol,110,Metallic,Manual,1600,5,4,5,1,7685.0
Jan_2002,136052.0,Petrol,110,Metallic,Manual,1600,5,4,5,0,9805.0
Aug_2002,135686.0,Petrol,110,Metallic,Manual,1600,3,4,5,0,8745.0
Oct_2002,134789.0,Diesel,72,Metallic,Manual,2000,3,4,5,0,7685.0
Sept_2002,134067.0,Petrol,110,Metallic,Manual,1600,4,4,5,0,5565.0
Apr_2002,133560.0,Petrol,110,Metallic,Manual,1600,5,4,5,0,8374.0
May_2002,133325.0,Petrol,110,Non-Metallic,Manual,1600,3,4,5,1,7314.0
Jun_2002,132924.0,Petrol,110,Non-Metallic,Manual,1600,3,4,5,0,8374.0
Jul_2002,132405.0,Diesel,72,Non-Metallic,Manual,2000,5,4,5,1,7685.0
Nov_2002,132228.0,Petrol,110,Metallic,Manual,1600,3,4,5,0,8957.0
May_2002,132066.0,Petrol,110,Metallic,Manual,1600,5,4,5,0,8427.0
Jul_2002,131500.0,Petrol,110,Metallic,Manual,1600,3,4,5,1,8427.0
Sept_2002,130807.0,Petrol,110,Metallic,Manual,1600,3,4,5,0,6837.0
Jun_2002,130490.0,Petrol,110,Metallic,Manual,1600,5,4,5,1,7049.0
Jul_2002,130462.0,Petrol,86,Metallic,Manual,1300,3,4,5,1,8427.0
Jan_2002,130189.0,Petrol,86,Non-Metallic,Manual,1300,5,4,5,0,7685.0
Apr_2002,129627.0,Petrol,110,Non-Metallic,Manual,1600,3,4,5,1,7897.0
Jul_2002,129214.0,Petrol,110,Metallic,Manual,1600,4,4,5,0,8427.0
Apr_2002,128838.0,Petrol,110,Metallic,Manual,1600,5,4,5,0,7685.0
Oct_2002,127702.0,Diesel,72,Metallic,Manual,2000,3,4,5,1,8745.0
May_2002,127479.0,Diesel,72,Metallic,Manual,2000,5,4,5,0,9487.0
Jul_2002,127408.0,Petrol,110,Metallic,Manual,1600,3,4,5,1,8215.0
Oct_2002,127200.0,Petrol,110,Non-Metallic,Manual,1600,5,4,5,1,9010.0
Mar_2002,127200.0,Petrol,110,Non-Metallic,Manual,1600,5,4,5,0,8215.0
Aug_2002,122830.0,Petrol,110,Non-Metallic,Manual,1600,4,4,5,0,6095.0
May_2002,122266.0,Petrol,110,Metallic,Manual,1600,5,4,5,0,7314.0
Oct_2002,122066.0,Petrol,110,Metallic,Manual,1600,3,4,5,0,6890.0
Mar_2002,121900.0,Petrol,107,Metallic,Automatic,1600,5,4,5,1,6890.0
Apr_2002,121113.0,Petrol,86,Metallic,Manual,1300,5,4,5,1,8056.0
Aug_2002,119741.0,Diesel,72,Metallic,Manual,2000,5,4,5,0,9487.0
Jul_2002,119045.0,Petrol,110,Metallic,Manual,1600,5,4,5,0,7897.0
Sept_2002,118720.0,Petrol,86,Metallic,Manual,1300,3,4,5,0,7791.0
Aug_2002,118298.0,Petrol,86,Metallic,Manual,1300,3,4,5,1,8215.0
Jan_2002,118076.0,CNG,110,Non-Metallic,Manual,1598,3,4,5,0,7908.0
May_2002,117555.0,Petrol,110,Metallic,Manual,1600,5,4,5,0,9805.0
Jan_2002,117540.0,Petrol,110,Metallic,Manual,1600,3,4,5,0,7685.0
Sept_2002,117272.0,Petrol,86,Metallic,Manual,1300,3,4,5,1,6890.0
Jan_2002,116600.0,Petrol,110,Metallic,Manual,1600,4,4,5,0,7208.0
Jun_2002,116112.0,Petrol,110,Non-Metallic,Manual,1600,5,4,5,1,9222.0
Mar_2002,115819.0,Petrol,110,Non-Metallic,Manual,1600,5,4,5,0,7950.0
Oct_2002,113967.0,Petrol,110,Metallic,Manual,1600,3,4,5,1,8215.0
Aug_2002,113534.0,Petrol,110,Metallic,Manual,1600,3,4,5,1,8427.0
Jun_2002,113420.0,Petrol,110,Metallic,Manual,1600,3,4,5,1,10547.0
Jul_2002,112625.0,Petrol,110,Non-Metallic,Manual,1600,5,4,5,0,7038.0
Oct_2002,112519.0,Petrol,86,Non-Metallic,Manual,1300,3,4,5,0,9275.0
Sept_2002,112474.0,Petrol,110,Metallic,Manual,1600,3,4,5,0,8215.0
Sept_2002,112207.0,Petrol,86,Non-Metallic,Manual,1300,3,4,5,1,6307.0
Apr_2002,111461.0,Petrol,86,Non-Metallic,Manual,1300,3,4,5,1,7155.0
Jan_2002,111443.0,Petrol,110,Metallic,Manual,1600,3,4,5,1,6890.0
May_2002,110605.0,Petrol,110,Metallic,Manual,1600,3,4,5,0,9275.0
Jul_2002,110399.0,Petrol,110,Metallic,Manual,1600,3,4,5,1,8427.0
Jul_2002,110240.0,Petrol,86,Metallic,Manual,1300,3,4,5,0,7155.0
Aug_2002,109308.0,Petrol,86,Metallic,Manual,1300,5,4,5,0,8427.0
Jan_2002,108438.0,Petrol,86,Metallic,Manual,1300,3,4,5,0,8427.0
Jun_2002,108125.0,Petrol,107,Metallic,Automatic,1600,5,4,5,0,9487.0
Apr_2002,108120.0,Petrol,86,Metallic,Manual,1300,3,4,5,0,8215.0
Jun_2002,107966.0,Petrol,110,Metallic,Manual,1600,5,4,5,0,6837.0
Jul_2002,107879.0,Petrol,110,Non-Metallic,Manual,1600,3,4,5,1,7314.0
Jun_2002,107229.0,Petrol,110,Metallic,Manual,1600,5,4,5,1,8957.0
Jul_2002,107060.0,Petrol,86,Non-Metallic,Manual,1300,3,4,5,0,7155.0
Jul_2002,106776.0,Petrol,86,Metallic,Automatic,1300,4,4,5,0,8533.0
Feb_2002,106762.0,Petrol,110,Non-Metallic,Manual,1600,5,4,5,0,10070.0
Mar_2002,106516.0,Petrol,110,Non-Metallic,Manual,1600,4,4,5,0,8215.0
Jan_2002,106485.0,Petrol,110,Non-Metallic,Manual,1600,5,4,5,0,9010.0
Jun_2002,106204.0,Petrol,110,Metallic,Manual,1600,3,4,5,0,8263.0
Jan_2002,106130.0,Petrol,110,Metallic,Manual,1600,3,4,5,0,6879.0
Aug_2002,105969.0,Petrol,110,Metallic,Manual,1600,3,4,5,1,8427.0
Feb_2002,105361.0,Petrol,86,Non-Metallic,Manual,1300,5,4,5,1,6810.0
Dec_2002,105336.0,Petrol,86,Metallic,Manual,1300,5,4,5,0,9487.0
Sept_2002,105200.0,Petrol,110,Metallic,Manual,1600,5,4,5,0,7367.0
Feb_2002,104667.0,Petrol,110,Non-Metallic,Manual,1600,5,4,5,0,9275.0
Oct_2002,104043.0,Petrol,110,Metallic,Manual,1600,3,4,5,0,8957.0
Apr_2002,103880.0,Petrol,110,Metallic,Manual,1600,5,4,5,0,8427.0
Jan_2002,103401.0,Petrol,86,Non-Metallic,Manual,1300,5,4,5,0,8427.0
Mar_2002,103386.0,Petrol,110,Metallic,Manual,1600,5,4,5,0,9434.0
Aug_2002,103344.0,Petrol,110,Metallic,Manual,1600,5,4,5,1,9487.0
Aug_2002,102910.0,Petrol,110,Metallic,Manual,1600,5,4,5,0,9434.0
Dec_2002,102820.0,Petrol,110,Non-Metallic,Manual,1600,4,4,5,0,8427.0
Jul_2002,102080.0,Petrol,86,Metallic,Manual,1300,3,4,5,1,6885.0
Mar_2002,101760.0,Petrol,86,Metallic,Manual,1300,3,4,5,0,7685.0
Jul_2002,101760.0,Petrol,110,Metallic,Manual,1600,5,4,5,1,9805.0
Mar_2002,101664.0,Petrol,110,Metallic,Manual,1600,5,4,5,1,7049.0
Feb_2002,101442.0,Petrol,110,Non-Metallic,Manual,1600,5,4,5,0,7409.0
Mar_2002,101390.0,Petrol,110,Metallic,Manual,1600,5,4,5,0,8215.0
Feb_2002,100700.0,Petrol,86,Metallic,Manual,1300,5,4,5,1,7367.0
Jan_2002,100114.0,Petrol,110,Non-Metallic,Manual,1600,3,4,5,1,7685.0
Jan_2002,99724.0,Petrol,110,Metallic,Manual,1600,5,4,5,0,10547.0
Jan_2002,99471.0,Petrol,110,Non-Metallic,Manual,1600,5,4,5,0,9805.0
Feb_2002,98675.0,Petrol,86,Metallic,Manual,1300,5,4,5,1,7632.0
Sept_2002,98650.0,Petrol,110,Metallic,Manual,1600,5,4,5,0,8745.0
Feb_2002,98621.0,Petrol,110,Metallic,Manual,1600,3,4,5,0,9487.0
Apr_2002,98580.0,Petrol,110,Metallic,Manual,1600,5,4,5,0,8745.0
Jan_2002,98400.0,Petrol,86,Metallic,Manual,1300,3,4,5,0,6625.0
Jan_2002,97790.0,Petrol,107,Non-Metallic,Automatic,1600,5,4,5,0,10494.0
Jan_2002,97622.0,Petrol,86,Metallic,Manual,1300,5,4,5,0,7738.0
Sept_2002,97436.0,Petrol,86,Metallic,Manual,1300,3,4,5,0,9487.0
Nov_2002,97414.0,Petrol,86,Metallic,Manual,1300,3,4,5,1,6890.0
Mar_2002,96883.0,Petrol,110,Metallic,Manual,1600,5,4,5,1,8427.0
Jun_2002,96547.0,Petrol,110,Metallic,Manual,1600,3,4,5,0,7897.0
Oct_2002,95792.0,Petrol,86,Metallic,Manual,1300,5,4,5,1,8427.0
Mar_2002,95766.0,Petrol,86,Metallic,Manual,1300,5,4,5,0,9010.0
Apr_2002,95723.0,Petrol,86,Metallic,Manual,1300,3,4,5,1,7367.0
Mar_2002,95412.0,Petrol,86,Non-Metallic,Automatic,1300,3,4,5,1,8427.0
Apr_2002,95400.0,Petrol,86,Metallic,Manual,1300,3,4,5,0,7155.0
Nov_2002,95382.0,Petrol,110,Non-Metallic,Manual,1600,3,4,5,0,8957.0
Mar_2002,95350.0,Petrol,110,Non-Metallic,Manual,1600,5,4,5,0,7950.0
Jul_2002,95188.0,Diesel,72,Metallic,Manual,2000,3,4,5,0,9275.0
Feb_2002,95123.0,Petrol,86,Metallic,Manual,1300,5,4,5,0,9275.0
May_2002,94891.0,Petrol,110,Metallic,Manual,1600,3,4,5,0,9487.0
Jun_2002,94877.0,Petrol,86,Non-Metallic,Manual,1300,3,4,5,1,7897.0
Dec_2002,94442.0,Petrol,110,Metallic,Manual,1600,5,4,5,1,9752.0
Jul_2002,94022.0,Petrol,110,Metallic,Manual,1600,3,4,5,1,9487.0
Sept_2002,93810.0,Petrol,110,Metallic,Manual,1600,5,4,5,0,8321.0
Aug_2002,93477.0,Diesel,72,Metallic,Manual,2000,3,4,5,0,7367.0
Jun_2002,93280.0,Petrol,110,Metallic,Manual,1600,3,4,5,1,7632.0
Mar_2002,93008.0,Petrol,110,Non-Metallic,Manual,1600,3,4,5,0,7897.0
Jun_2002,92870.0,Petrol,86,Non-Metallic,Manual,1300,3,4,5,1,7155.0
Aug_2002,92599.0,Petrol,110,Metallic,Manual,1600,3,4,5,1,7950.0
Sept_2002,92308.0,Petrol,110,Non-Metallic,Manual,1600,4,4,5,0,7897.0
Nov_2002,92220.0,Petrol,110,Metallic,Manual,1600,4,4,5,0,8427.0
Mar_2002,92220.0,Petrol,110,Metallic,Manual,1600,4,4,5,0,7685.0
Aug_2002,92220.0,Petrol,86,Metallic,Manual,1300,3,4,5,0,8427.0
Jan_2002,92220.0,Petrol,86,Metallic,Manual,1300,3,4,5,0,8745.0
Sept_2002,92072.0,Petrol,110,Non-Metallic,Manual,1600,5,4,5,0,8745.0
Jan_2002,91276.0,Petrol,110,Metallic,Manual,1600,3,4,5,0,7155.0
Feb_2002,91160.0,Petrol,86,Metallic,Manual,1300,5,4,5,0,9275.0
Jan_2002,91160.0,Petrol,110,Non-Metallic,Manual,1600,3,4,5,0,9487.0
Nov_2002,91016.0,Diesel,72,Metallic,Manual,2000,5,4,5,1,9010.0
Jan_2002,90699.0,Petrol,110,Non-Metallic,Manual,1600,5,4,5,1,8745.0
Nov_2002,90598.0,Petrol,107,Non-Metallic,Automatic,1600,3,4,5,1,10017.0
Aug_2002,90312.0,Petrol,110,Metallic,Manual,1600,3,4,5,0,8427.0
Nov_2002,90100.0,Petrol,110,Metallic,Manual,1600,3,4,5,0,8374.0
Aug_2002,90087.0,Petrol,110,Metallic,Manual,1600,3,4,5,0,9010.0
Feb_2002,90064.0,Petrol,110,Non-Metallic,Manual,1600,5,4,5,1,8745.0
May_2002,89540.0,Petrol,110,Metallic,Manual,1600,5,4,5,0,8745.0
Aug_2002,89466.0,Petrol,110,Metallic,Manual,1600,4,4,5,0,9487.0
Jul_2002,89170.0,Petrol,110,Non-Metallic,Manual,1600,3,4,5,1,8427.0
Jan_2002,89040.0,Petrol,110,Non-Metallic,Manual,1600,5,4,5,0,7367.0
Mar_2002,89040.0,Petrol,110,Metallic,Manual,1600,5,4,5,0,7685.0
Apr_2002,89040.0,Petrol,110,Metallic,Manual,1600,5,4,5,1,8215.0
Jun_2002,88881.0,Petrol,110,Metallic,Manual,1600,3,4,5,0,9222.0
Jan_2002,88552.0,Petrol,110,Metallic,Manual,1600,5,4,5,0,9487.0
May_2002,88409.0,Petrol,110,Metallic,Manual,1600,5,4,5,1,7155.0
Oct_2002,88288.0,Petrol,110,Metallic,Manual,1600,5,4,5,0,7950.0
Dec_2002,88121.0,Petrol,86,Non-Metallic,Manual,1300,3,4,5,1,8427.0
Oct_2002,88030.0,Petrol,86,Metallic,Automatic,1300,3,4,5,1,9487.0
Oct_2002,87662.0,Petrol,110,Non-Metallic,Manual,1600,3,4,5,0,8427.0
Mar_2002,87636.0,Petrol,86,Non-Metallic,Manual,1300,3,4,5,1,7897.0
Mar_2002,87551.0,Petrol,86,Metallic,Manual,1300,3,4,5,0,6307.0
Jun_2002,87191.0,Petrol,110,Metallic,Manual,1600,3,4,5,1,8215.0
Apr_2002,87029.0,Petrol,86,Metallic,Manual,1300,3,4,5,1,7367.0
Jan_2002,86942.0,Petrol,86,Metallic,Manual,1300,5,4,5,0,9275.0
Oct_2002,86920.0,Petrol,110,Metallic,Manual,1600,5,4,5,0,9487.0
Feb_2002,86907.0,Petrol,110,Metallic,Manual,1600,5,4,5,0,7945.0
May_2002,86846.0,Petrol,110,Non-Metallic,Manual,1600,5,4,5,1,8215.0
Nov_2002,86563.0,Petrol,110,Non-Metallic,Manual,1600,3,4,5,0,7367.0
Apr_2002,85315.0,Petrol,110,Metallic,Manual,1600,5,4,5,0,8469.0
Mar_2002,84800.0,Petrol,110,Metallic,Manual,1600,4,4,5,0,7685.0
Dec_2002,83740.0,Petrol,86,Non-Metallic,Manual,1300,3,4,5,0,7314.0
Jul_2002,83628.0,Petrol,110,Non-Metallic,Manual,1600,5,4,5,0,8215.0
Mar_2002,83410.0,Petrol,110,Non-Metallic,Manual,1600,4,4,5,0,7685.0
Apr_2002,83141.0,Petrol,86,Non-Metallic,Manual,1300,3,4,5,0,9487.0
Oct_2002,82956.0,Petrol,110,Non-Metallic,Manual,1600,3,4,5,0,9010.0
Sept_2002,82807.0,Petrol,110,Metallic,Manual,1600,5,4,5,0,8427.0
Apr_2002,81620.0,Petrol,86,Non-Metallic,Manual,1300,3,4,5,0,7367.0
Mar_2002,81620.0,Petrol,110,Non-Metallic,Manual,1600,3,4,5,0,8480.0
Jun_2002,80965.0,Petrol,110,Metallic,Manual,1600,3,4,5,0,8427.0
May_2002,80844.0,Petrol,86,Metallic,Manual,1300,3,4,5,0,9010.0
Aug_2002,80720.0,Petrol,86,Metallic,Manual,1300,3,4,5,1,7939.0
Jan_2002,80560.0,Petrol,110,Non-Metallic,Manual,1600,3,4,5,0,8745.0
Oct_2002,80560.0,Petrol,110,Metallic,Manual,1600,5,4,5,0,9805.0
Sept_2002,80390.0,Petrol,86,Non-Metallic,Manual,1300,5,4,5,1,8427.0
Apr_2002,80347.0,Petrol,110,Metallic,Manual,1600,3,4,5,0,10070.0
Sept_2002,80056.0,Petrol,110,Metallic,Manual,1600,3,4,5,0,9487.0
Mar_2002,79842.0,Petrol,86,Metallic,Manual,1300,5,4,5,0,8957.0
Feb_2002,79841.0,Petrol,110,Metallic,Manual,1600,4,4,5,0,8475.0
Mar_2002,79740.0,Petrol,110,Non-Metallic,Manual,1600,4,4,5,0,9275.0
Oct_2002,79590.0,Petrol,86,Non-Metallic,Manual,1300,5,4,5,1,6307.0
Aug_2002,79500.0,Petrol,110,Non-Metallic,Manual,1600,5,4,5,0,9010.0
Dec_2002,79500.0,Petrol,86,Metallic,Manual,1300,4,4,5,0,9487.0
Dec_2002,79500.0,Petrol,86,Metallic,Manual,1300,4,4,5,0,9275.0
Mar_2002,79422.0,Petrol,110,Metallic,Manual,1600,5,4,5,0,8056.0
Jan_2002,79272.0,Petrol,110,Metallic,Manual,1600,5,4,5,1,7574.0
Dec_2002,79047.0,Petrol,110,Metallic,Manual,1600,5,4,5,1,8957.0
Jun_2002,79041.0,Petrol,86,Metallic,Manual,1300,3,4,5,0,6307.0
Jan_2002,78648.0,Petrol,110,Non-Metallic,Manual,1600,5,4,5,0,9540.0
Jan_2002,78600.0,Petrol,110,Metallic,Manual,1600,3,4,5,1,7685.0
Jun_2002,78542.0,Petrol,110,Metallic,Manual,1600,3,4,5,1,7844.0
Feb_2002,78539.0,Petrol,110,Metallic,Manual,1600,5,4,5,0,9328.0
Oct_2002,78440.0,Petrol,110,Non-Metallic,Manual,1600,3,4,5,1,8215.0
Jun_2002,78440.0,Petrol,86,Metallic,Manual,1300,3,4,5,1,7950.0
Mar_2002,78056.0,Petrol,86,Metallic,Automatic,1300,4,4,5,0,8957.0
Jun_2002,77868.0,Petrol,110,Metallic,Manual,1600,5,4,5,0,7844.0
Jan_2002,77592.0,Petrol,110,Metallic,Manual,1600,5,4,5,1,7950.0
May_2002,77503.0,Petrol,110,Metallic,Manual,1600,5,4,5,0,9487.0
Nov_2002,77395.0,Petrol,110,Metallic,Manual,1600,5,4,5,0,9487.0
Apr_2002,77065.0,Petrol,110,Metallic,Manual,1600,3,4,5,1,8427.0
Feb_2002,76668.0,Petrol,110,Metallic,Manual,1600,5,4,5,0,8427.0
Mar_2002,76555.0,Petrol,110,Metallic,Manual,1600,5,4,5,0,8427.0
Oct_2002,76456.0,Petrol,107,Metallic,Automatic,1600,5,4,5,1,9487.0
Mar_2002,76415.0,Petrol,110,Metallic,Manual,1600,5,4,5,0,8215.0
Mar_2002,76320.0,Petrol,110,Metallic,Manual,1600,4,4,5,0,8745.0
Mar_2002,76320.0,Petrol,110,Non-Metallic,Manual,1600,3,4,5,0,8427.0
Apr_2002,76214.0,Petrol,86,Metallic,Manual,1300,3,4,5,0,8215.0
Apr_2002,76134.0,Petrol,110,Non-Metallic,Manual,1600,5,4,5,0,9010.0
Jan_2002,76044.0,Petrol,110,Metallic,Manual,1600,5,4,5,0,7367.0
Jan_2002,75790.0,Petrol,110,Metallic,Manual,1600,4,4,5,0,7950.0
Feb_2002,75641.0,Petrol,110,Metallic,Manual,1600,3,4,5,1,8215.0
Feb_2002,75539.0,Petrol,86,Non-Metallic,Manual,1300,3,4,5,0,6307.0
Mar_2002,75457.0,Petrol,110,Non-Metallic,Manual,1600,3,4,5,1,7950.0
Sept_2002,75317.0,Petrol,86,Non-Metallic,Automatic,1300,3,4,5,0,9487.0
May_2002,75260.0,Petrol,110,Metallic,Manual,1600,3,4,5,0,8427.0
Jan_2002,75195.0,Petrol,110,Metallic,Automatic,1600,5,4,5,0,7314.0
Apr_2002,75188.0,Petrol,110,Metallic,Manual,1600,3,4,5,1,7897.0
Jan_2002,74833.0,Petrol,107,Metallic,Automatic,1600,3,4,5,1,9010.0
Aug_2002,74711.0,Petrol,110,Metallic,Manual,1600,5,4,5,0,7950.0
Apr_2002,74331.0,Petrol,110,Metallic,Manual,1600,3,4,5,0,9275.0
May_2002,74241.0,Petrol,110,Metallic,Manual,1600,3,4,5,1,7950.0
Jan_2002,74098.0,Petrol,110,Non-Metallic,Manual,1600,5,4,5,0,10547.0
Jun_2002,73551.0,Petrol,86,Non-Metallic,Manual,1300,3,4,5,0,8427.0
Jun_2002,73479.0,Petrol,110,Metallic,Manual,1600,5,4,5,0,10547.0
Mar_2002,73140.0,Petrol,110,Metallic,Manual,1600,5,4,5,0,9805.0
Aug_2002,73127.0,Petrol,86,Metallic,Manual,1300,5,4,5,0,9805.0
Feb_2002,73082.0,Petrol,110,Metallic,Manual,1600,5,4,5,0,10547.0
Jul_2002,72382.0,Petrol,110,Metallic,Manual,1600,3,4,5,1,6307.0
May_2002,72080.0,Petrol,110,Metallic,Manual,1600,5,4,5,0,8475.0
Nov_2002,72080.0,Petrol,86,Metallic,Automatic,1300,3,4,5,0,9487.0
Jun_2002,71498.0,Petrol,86,Metallic,Manual,1300,4,4,5,0,7897.0
May_2002,71302.0,Petrol,86,Metallic,Manual,1300,5,4,5,1,8745.0
Mar_2002,71290.0,Petrol,110,Non-Metallic,Manual,1600,5,4,5,0,9010.0
Nov_2002,71126.0,Petrol,110,Metallic,Manual,1600,5,4,5,0,9010.0
Dec_2002,71118.0,Diesel,72,Metallic,Manual,2000,3,4,5,1,9964.0
Jan_2002,70893.0,Petrol,110,Metallic,Manual,1600,3,4,5,0,7685.0
Feb_2002,70866.0,Petrol,110,Metallic,Manual,1600,5,4,5,0,9487.0
Jan_2002,70854.0,Petrol,110,Metallic,Manual,1600,5,4,5,0,10017.0
Jul_2002,70721.0,Petrol,110,Metallic,Manual,1600,3,4,5,0,9010.0
Jan_2002,70138.0,Petrol,86,Metallic,Manual,1300,3,4,5,0,7155.0
Jan_2002,69907.0,Petrol,110,Non-Metallic,Manual,1600,5,4,5,1,7844.0
Mar_2002,69430.0,Petrol,86,Metallic,Manual,1300,3,4,5,0,9487.0
Jan_2002,69225.0,Petrol,110,Metallic,Manual,1600,3,4,5,0,7314.0
Feb_2002,69169.0,Petrol,86,Metallic,Manual,1300,3,4,5,0,8215.0
Oct_2002,68922.0,Diesel,72,Metallic,Manual,2000,3,4,5,0,9487.0
Jun_2002,68906.0,Petrol,86,Metallic,Manual,1300,3,4,5,1,7367.0
Apr_2002,68137.0,Petrol,110,Non-Metallic,Manual,1600,4,4,5,0,9005.0
Jun_2002,67840.0,Petrol,107,Non-Metallic,Automatic,1600,3,4,5,0,10600.0
Oct_2002,67840.0,Petrol,110,Metallic,Manual,1600,5,4,5,0,7419.0
Jan_2002,67840.0,Petrol,110,Non-Metallic,Manual,1600,3,4,5,0,9487.0
Feb_2002,67753.0,Petrol,110,Non-Metallic,Manual,1600,4,4,5,0,9010.0
Jun_2002,67452.0,Petrol,110,Metallic,Manual,1600,4,4,5,0,9275.0
Jan_2002,67310.0,Petrol,110,Metallic,Manual,1600,3,4,5,0,7949.0
Jan_2002,67062.0,Petrol,110,Metallic,Manual,1600,4,4,5,0,9540.0
Apr_2002,66351.0,Petrol,110,Metallic,Manual,1600,3,4,5,1,9487.0
Jan_2002,66336.0,Petrol,110,Non-Metallic,Manual,1600,5,4,5,0,7367.0
Apr_2002,66022.0,Petrol,110,Metallic,Manual,1600,5,4,5,0,9010.0
Apr_2002,65620.0,Petrol,86,Metallic,Automatic,1300,5,4,5,1,8957.0
Jul_2002,65402.0,Petrol,110,Non-Metallic,Manual,1600,5,4,5,0,9487.0
Apr_2002,65347.0,Petrol,110,Metallic,Manual,1600,5,4,5,1,8745.0
Jun_2002,65324.0,Petrol,86,Non-Metallic,Manual,1300,5,4,5,0,8427.0
Nov_2002,65201.0,Petrol,110,Non-Metallic,Manual,1600,4,4,5,0,7897.0
Feb_2002,64835.0,Petrol,107,Metallic,Automatic,1600,3,4,5,1,9540.0
Nov_2002,64660.0,Petrol,110,Metallic,Manual,1600,4,4,5,0,7579.0
May_2002,64483.0,Petrol,110,Metallic,Manual,1600,4,4,5,0,8215.0
Nov_2002,64236.0,Petrol,86,Non-Metallic,Manual,1300,3,4,5,0,6196.0
Sept_2002,64112.0,Petrol,110,Metallic,Manual,1600,5,4,5,0,9010.0
Jan_2002,64105.0,Petrol,110,Metallic,Manual,1600,5,4,5,0,8745.0
Feb_2002,63751.0,Petrol,110,Non-Metallic,Manual,1600,3,4,5,0,10017.0
Dec_2002,63653.0,Petrol,110,Metallic,Manual,1600,3,4,5,0,7155.0
Apr_2002,63600.0,Petrol,110,Metallic,Manual,1600,3,4,5,1,8904.0
May_2002,63600.0,Petrol,110,Non-Metallic,Manual,1600,3,4,5,1,8374.0
May_2002,63404.0,Petrol,110,Metallic,Manual,1587,3,4,5,0,8427.0
Jan_2002,62886.0,Petrol,110,Metallic,Manual,1600,5,4,5,0,9275.0
Aug_2002,62794.0,Petrol,110,Metallic,Manual,1600,3,4,5,1,10494.0
Oct_2002,62714.0,Petrol,110,Non-Metallic,Manual,1600,4,4,5,0,6885.0
Nov_2002,62558.0,Petrol,107,Metallic,Automatic,1600,3,4,5,1,8745.0
Dec_2002,62489.0,Petrol,110,Metallic,Manual,1600,3,4,5,1,7314.0
Jul_2002,61961.0,Petrol,86,Metallic,Manual,1300,3,4,5,1,7950.0
Jun_2002,61841.0,Petrol,86,Metallic,Automatic,1300,4,4,5,0,8427.0
Jan_2002,61763.0,Petrol,110,Metallic,Manual,1600,5,4,5,0,8745.0
Jan_2002,61480.0,Petrol,110,Non-Metallic,Manual,1600,3,4,5,0,9487.0
Nov_2002,61299.0,Petrol,110,Non-Metallic,Manual,1600,3,4,5,0,10335.0
Jan_2002,61254.0,Petrol,86,Non-Metallic,Manual,1300,3,4,5,1,8745.0
Mar_2002,61086.0,Petrol,110,Non-Metallic,Manual,1600,5,4,5,0,9434.0
Jun_2002,60989.0,Petrol,86,Metallic,Manual,1300,5,4,5,0,9487.0
May_2002,60699.0,Petrol,110,Metallic,Manual,1600,3,4,5,0,7155.0
Jun_2002,60573.0,Petrol,110,Metallic,Manual,1600,5,4,5,1,8427.0
Dec_2002,60522.0,Petrol,86,Metallic,Manual,1300,3,4,5,1,9116.0
Jan_2002,60420.0,Petrol,86,Non-Metallic,Manual,1300,4,4,5,0,8215.0
Aug_2002,59960.0,Petrol,110,Metallic,Manual,1600,3,4,5,1,8268.0
Aug_2002,59685.0,Petrol,110,Metallic,Manual,1600,3,4,5,1,9275.0
Feb_2002,59587.0,Petrol,86,Non-Metallic,Manual,1300,3,4,5,0,10070.0
Jul_2002,59500.0,Petrol,110,Non-Metallic,Manual,1600,4,4,5,0,8215.0
Feb_2002,58750.0,Petrol,110,Non-Metallic,Manual,1600,5,4,5,0,10547.0
Apr_2002,57705.0,Petrol,86,Metallic,Manual,1300,3,4,5,0,8215.0
Dec_2002,57038.0,Petrol,110,Metallic,Manual,1600,3,4,5,1,6307.0
May_2002,56321.0,Petrol,110,Metallic,Manual,1600,5,4,5,1,11607.0
Apr_2002,56074.0,Petrol,110,Metallic,Manual,1600,4,4,5,0,10017.0
Jan_2002,55862.0,Petrol,110,Non-Metallic,Manual,1600,3,4,5,1,8745.0
Dec_2002,55459.0,Petrol,110,Non-Metallic,Manual,1600,5,4,5,0,10335.0
Mar_2002,55424.0,Petrol,110,Non-Metallic,Manual,1600,5,4,5,0,7897.0
Jun_2002,55120.0,Petrol,110,Non-Metallic,Manual,1600,5,4,5,0,9275.0
Dec_2002,55120.0,Petrol,110,Metallic,Manual,1600,3,4,5,0,9275.0
Aug_2002,55120.0,Petrol,110,Metallic,Automatic,1600,4,4,5,0,9010.0
Nov_2002,54986.0,Petrol,86,Non-Metallic,Manual,1300,4,4,5,0,9487.0
Feb_2002,52817.0,Petrol,86,Metallic,Manual,1300,5,4,5,0,7950.0
Dec_2002,52618.0,Petrol,110,Metallic,Manual,1600,4,4,5,0,7685.0
Jan_2002,52555.0,Petrol,110,Metallic,Manual,1600,4,4,5,0,7897.0
May_2002,52120.0,Petrol,86,Non-Metallic,Manual,1300,3,4,5,0,9275.0
Apr_2002,51768.0,Petrol,110,Non-Metallic,Manual,1600,3,4,5,0,10388.0
Oct_2002,51491.0,Petrol,86,Metallic,Manual,1300,3,4,5,0,7950.0
Jun_2002,51304.0,Petrol,110,Metallic,Manual,1600,5,4,5,0,9487.0
Jul_2002,51137.0,Petrol,86,Metallic,Manual,1300,5,4,5,0,9487.0
Nov_2002,50832.0,Petrol,110,Metallic,Manual,1600,5,4,5,0,7897.0
Oct_2002,50491.0,Petrol,110,Metallic,Manual,1600,5,4,5,0,9487.0
Mar_2002,50244.0,Petrol,86,Metallic,Manual,1300,5,4,5,0,11130.0
Aug_2002,50202.0,Petrol,86,Non-Metallic,Manual,1300,3,4,5,0,7420.0
Apr_2002,48237.0,Petrol,110,Metallic,Manual,1600,3,4,5,1,9010.0
May_2002,48135.0,Petrol,86,Metallic,Manual,1300,5,4,5,0,8215.0
Nov_2002,47541.0,Petrol,110,Metallic,Manual,1600,3,4,5,1,9487.0
Dec_2002,47516.0,Petrol,110,Non-Metallic,Manual,1600,5,4,5,0,8745.0
Jan_2002,47111.0,Petrol,110,Metallic,Manual,1600,3,4,5,1,9805.0
Jun_2002,46343.0,Petrol,110,Metallic,Manual,1600,5,4,5,1,8374.0
Mar_2002,46239.0,Petrol,86,Metallic,Manual,1300,4,4,5,0,9010.0
May_2002,46144.0,Petrol,110,Non-Metallic,Manual,1600,5,4,5,0,8427.0
Dec_2002,45368.0,Petrol,110,Metallic,Manual,1600,3,4,5,1,10547.0
Jul_2002,44856.0,Petrol,107,Metallic,Automatic,1600,5,4,5,0,9275.0
Jan_2002,44717.0,Petrol,110,Metallic,Manual,1600,3,4,5,0,7950.0
Sept_2002,44520.0,Petrol,110,Metallic,Manual,1600,3,4,5,1,7367.0
Feb_2002,42499.0,Petrol,110,Non-Metallic,Manual,1600,5,4,5,0,9487.0
Feb_2002,42188.0,Petrol,107,Non-Metallic,Automatic,1600,3,4,5,1,9275.0
Aug_2002,41518.0,Petrol,86,Non-Metallic,Manual,1300,3,4,5,1,8215.0
Jun_2002,41282.0,Petrol,110,Metallic,Manual,1600,3,4,5,0,8957.0
May_2002,38729.0,Petrol,110,Non-Metallic,Automatic,1600,4,4,5,0,8639.0
Mar_2002,38160.0,Petrol,86,Non-Metallic,Automatic,1300,3,4,5,0,9010.0
Mar_2002,38160.0,Petrol,110,Metallic,Manual,1600,3,4,5,0,8056.0
Jan_2002,37970.0,Petrol,86,Non-Metallic,Automatic,1300,3,4,5,0,8427.0
Aug_2002,36800.0,Petrol,86,Non-Metallic,Manual,1300,3,4,5,0,8215.0
Jan_2002,36040.0,Petrol,86,Metallic,Manual,1300,4,4,5,0,8427.0
Mar_2002,32822.0,Petrol,110,Non-Metallic,Automatic,1600,3,4,4,0,10547.0
Oct_2002,30740.0,Petrol,86,Metallic,Automatic,1300,3,4,5,0,9487.0
Sept_2002,27560.0,Petrol,86,Non-Metallic,Manual,1300,3,4,5,1,8957.0
Mar_2002,25440.0,Petrol,86,Metallic,Automatic,1300,5,4,5,0,9487.0
Jan_2002,24380.0,Petrol,86,Non-Metallic,Manual,1300,3,4,5,1,8957.0
Dec_2002,21777.0,Petrol,86,Metallic,Manual,1300,3,4,5,1,7950.0
Sept_2002,20140.0,Petrol,86,Non-Metallic,Manual,1300,3,4,5,1,11496.0
Oct_2002,18037.0,Petrol,86,Non-Metallic,Manual,1300,3,4,5,0,9010.0
Nov_2002,17931.0,Petrol,86,Metallic,Manual,1300,3,4,5,0,7685.0
May_2002,1.0,Petrol,110,Non-Metallic,Manual,1600,5,4,5,0,7367.0
